-- phpMyAdmin SQL Dump
-- version 4.1.14
-- http://www.phpmyadmin.net
--
-- Host: 127.0.0.1
-- Generation Time: Jan 09, 2016 at 05:44 PM
-- Server version: 5.6.17
-- PHP Version: 5.5.12

SET SQL_MODE = "NO_AUTO_VALUE_ON_ZERO";
SET time_zone = "+00:00";


/*!40101 SET @OLD_CHARACTER_SET_CLIENT=@@CHARACTER_SET_CLIENT */;
/*!40101 SET @OLD_CHARACTER_SET_RESULTS=@@CHARACTER_SET_RESULTS */;
/*!40101 SET @OLD_COLLATION_CONNECTION=@@COLLATION_CONNECTION */;
/*!40101 SET NAMES utf8 */;

--
-- Database: `dulieumayanh`
--
CREATE DATABASE IF NOT EXISTS `dulieumayanh` DEFAULT CHARACTER SET utf8 COLLATE utf8_unicode_ci;
USE `dulieumayanh`;

-- --------------------------------------------------------

--
-- Table structure for table `category`
--

DROP TABLE IF EXISTS `category`;
CREATE TABLE IF NOT EXISTS `category` (
  `CatID` int(11) NOT NULL AUTO_INCREMENT,
  `CatName` varchar(50) COLLATE utf8_unicode_ci NOT NULL,
  `IsRemoved` tinyint(1) NOT NULL DEFAULT '0',
  PRIMARY KEY (`CatID`)
) ENGINE=InnoDB  DEFAULT CHARSET=utf8 COLLATE=utf8_unicode_ci AUTO_INCREMENT=5 ;

--
-- Dumping data for table `category`
--

INSERT INTO `category` (`CatID`, `CatName`, `IsRemoved`) VALUES
(1, 'Compact', 0),
(2, 'DSLR', 0),
(3, 'Instax', 0),
(4, 'MILC', 0);

-- --------------------------------------------------------

--
-- Table structure for table `manufacturer`
--

DROP TABLE IF EXISTS `manufacturer`;
CREATE TABLE IF NOT EXISTS `manufacturer` (
  `ManufacturerID` int(15) NOT NULL AUTO_INCREMENT,
  `ManufacturerName` varchar(50) COLLATE utf8_unicode_ci NOT NULL,
  `IsRemoved` tinyint(1) NOT NULL DEFAULT '0',
  PRIMARY KEY (`ManufacturerID`)
) ENGINE=InnoDB  DEFAULT CHARSET=utf8 COLLATE=utf8_unicode_ci AUTO_INCREMENT=5 ;

--
-- Dumping data for table `manufacturer`
--

INSERT INTO `manufacturer` (`ManufacturerID`, `ManufacturerName`, `IsRemoved`) VALUES
(1, 'Canon', 0),
(2, 'Fujifilm', 0),
(3, 'Nikon', 0),
(4, 'Sony', 0);

-- --------------------------------------------------------

--
-- Table structure for table `orderdetails`
--

DROP TABLE IF EXISTS `orderdetails`;
CREATE TABLE IF NOT EXISTS `orderdetails` (
  `ID` int(11) NOT NULL AUTO_INCREMENT,
  `OrderID` int(11) NOT NULL,
  `ProID` int(11) NOT NULL,
  `Quantity` int(11) NOT NULL,
  `Price` bigint(20) NOT NULL,
  `Amount` int(11) NOT NULL,
  PRIMARY KEY (`ID`),
  KEY `fk_orderdetails_orders` (`OrderID`),
  KEY `fk_orderdetails_products` (`ProID`)
) ENGINE=InnoDB  DEFAULT CHARSET=utf8 COLLATE=utf8_unicode_ci AUTO_INCREMENT=16 ;

--
-- Dumping data for table `orderdetails`
--

INSERT INTO `orderdetails` (`ID`, `OrderID`, `ProID`, `Quantity`, `Price`, `Amount`) VALUES
(1, 1, 30, 5, 2839000, 14195000),
(3, 2, 11, 3, 1790000, 5370000),
(4, 3, 11, 9, 1790000, 16110000),
(5, 4, 3, 3, 5190000, 15570000),
(6, 4, 6, 1, 2049000, 2049000),
(7, 4, 8, 2, 22000000, 44000000),
(8, 5, 2, 1, 5790000, 5790000),
(9, 6, 2, 4, 5790000, 23160000),
(10, 7, 36, 1, 33480000, 33480000),
(11, 8, 20, 5, 33000000, 165000000),
(12, 9, 16, 1, 15990000, 15990000),
(13, 10, 16, 43, 15990000, 687570000),
(14, 11, 16, 1, 15990000, 15990000),
(15, 12, 16, 5, 15990000, 79950000);

-- --------------------------------------------------------

--
-- Table structure for table `orders`
--

DROP TABLE IF EXISTS `orders`;
CREATE TABLE IF NOT EXISTS `orders` (
  `OrderID` int(11) NOT NULL AUTO_INCREMENT,
  `OrderDate` datetime NOT NULL,
  `UserID` int(11) NOT NULL,
  `Total` bigint(20) NOT NULL,
  `Delivered` tinyint(1) NOT NULL DEFAULT '0',
  PRIMARY KEY (`OrderID`),
  KEY `fk_orders_users` (`UserID`)
) ENGINE=InnoDB  DEFAULT CHARSET=utf8 COLLATE=utf8_unicode_ci AUTO_INCREMENT=13 ;

--
-- Dumping data for table `orders`
--

INSERT INTO `orders` (`OrderID`, `OrderDate`, `UserID`, `Total`, `Delivered`) VALUES
(1, '2016-01-05 11:36:30', 2, 158, 0),
(2, '2016-01-05 11:47:32', 29, 5, 0),
(3, '2016-01-05 11:48:49', 29, 16, 0),
(4, '2016-01-05 11:50:07', 29, 61, 0),
(5, '2016-01-05 11:50:48', 29, 5, 0),
(6, '2016-01-05 11:52:30', 29, 23, 0),
(7, '2016-01-06 16:18:30', 29, 33, 0),
(8, '2016-01-06 21:47:47', 29, 165000000, 0),
(9, '2016-01-09 10:07:14', 2, 15990000, 0),
(10, '2016-01-09 10:07:34', 2, 687570000, 0),
(11, '2016-01-09 10:09:52', 2, 15990000, 0),
(12, '2016-01-09 10:25:08', 30, 79950000, 1);

-- --------------------------------------------------------

--
-- Table structure for table `products`
--

DROP TABLE IF EXISTS `products`;
CREATE TABLE IF NOT EXISTS `products` (
  `ProID` int(11) NOT NULL AUTO_INCREMENT,
  `ProName` varchar(50) COLLATE utf8_unicode_ci NOT NULL,
  `URL` varchar(50) COLLATE utf8_unicode_ci NOT NULL,
  `TinyDes` varchar(100) COLLATE utf8_unicode_ci DEFAULT NULL,
  `FullDes` text COLLATE utf8_unicode_ci,
  `Price` int(11) DEFAULT NULL,
  `CatID` int(11) NOT NULL,
  `ManufacturerID` int(15) NOT NULL,
  `SeriesID` int(11) DEFAULT NULL,
  `Quantity` int(11) DEFAULT NULL,
  `Bought` int(10) DEFAULT NULL,
  `Viewed` int(10) DEFAULT NULL,
  `UploadDate` datetime DEFAULT NULL,
  `IsRemoved` tinyint(1) NOT NULL DEFAULT '0',
  `MadeIn` varchar(50) CHARACTER SET utf8 DEFAULT NULL,
  PRIMARY KEY (`ProID`),
  KEY `fk_products_category` (`CatID`),
  KEY `fk_products_manufacturer` (`ManufacturerID`),
  KEY `fk_products_series` (`SeriesID`)
) ENGINE=InnoDB  DEFAULT CHARSET=utf8 COLLATE=utf8_unicode_ci AUTO_INCREMENT=43 ;

--
-- Dumping data for table `products`
--

INSERT INTO `products` (`ProID`, `ProName`, `URL`, `TinyDes`, `FullDes`, `Price`, `CatID`, `ManufacturerID`, `SeriesID`, `Quantity`, `Bought`, `Viewed`, `UploadDate`, `IsRemoved`, `MadeIn`) VALUES
(1, 'Canon PowerShot SX610IS', 'assets\\images\\product\\1\\main_thumbs.jpg', '', '<ul>\n<li>Độ phân giải máy ảnh	16 megapixels</li>\n<li>Bộ xử lý máy ảnh	DIGIC 4+</li>\n<li>Cảm biến hình ảnh	CCD 1/2.3"</li>\n<li>Ống kính	Canon zoom</li>\n<li>Tiêu cự	4.3 (W) - 129.0 (T) mm</li>\n<li>Khẩu độ	-</li>\n<li>Độ nhạy ISO	Tự động, ISO 100 – 1600</li>\n<li>Zoom quang học	-</li>\n<li>Zoom kỹ thuật số	4x</li>\n<li>Màn hình	LCD xấp xỉ 230.000 điểm ảnh</li>\n<li>Kích thước màn hình	3 inch</li>\n<li>Số điểm lấy nét (DSLR)	-</li>\n<li>Live View (DSLR)	 </li>\n<li>Cân bằng trắng	Auto, Daylight, Cloudy, Tungsten, Fluorescent, Fluorescent H, Custom</li>\n<li>Quay phim 	HD 720p (1280 x 720)</li>\n<li>Định dạng quay phim	MOV</li>\n<li>Bộ nhớ trong	-</li>\n<li>Thẻ nhớ tương thích	SD/SDHC/SDXC</li>\n<li>Chống rung điện tử	-</li>\n<li>Phụ kiện đi kèm	 </li>\n<li>Cổng kết nối	- </li>\n<li>Loại pin	Li-ion  NB-11LH</li>\n<li>Kích thước	104.4 x 69.1 x 80.1mm</li>\n<li>Khối Lượng	313g</li>\n<li>Màu sắc	Đen</li>\n</ul>', 6990000, 1, 1, 8, 0, 0, 22, '0000-00-00 00:00:00', 0, 'Trung Quốc'),
(2, 'Canon Powershot N', 'assets\\images\\product\\2\\main_thumbs.jpg', 'Chiếc máy ảnh hoàn hảo nhất!', '<ul>		\n		<li>Độ phân giải máy ảnh: 12.1 mega pixels</li>\n		<li>Bộ xử lý máy ảnh: DIGIC 5</li>\n		<li>Loại sensor: CMOS</li>\n		<li>Ống kính Canon zoom lens, zoom 8x</li>\n		<li>Tiêu cự ống kính 5,0 (W) – 40,0 (T)mm (tương đương phim: 28 (W) - 224 (T)mm)</li>\n		<li>Khẩu độ loại tròn f/3.0 / f/9.0 (W), f/5.9 / f/18 (T)</li>\n		<li>Tốc độ ISO (độ nhạy đầu ra theo tiêu chuẩn, thông số ánh sáng khuyên dùng): ISO tự động, ISO 80 – ISO 6400 (dung sai 1 điểm)</li>\n		<li>Màn hình LCD kiểu rộng siêu nét</li>\n		<li>Kích thước màn hình 2.8 inch</li>\n		<li>Cân bằng trắng: Auto, Daylight, Cloudy, Tungsten, Fluorescent, Fluorescent H</li>\n		<li>Quay phim Full HD 1080p 1920 x 1080</li>\n		<li>Định dạng quay phim MOV (Image data: H.264; Audio data: Linear PCM (2 channel monoaural))</li>\n		<li>Thẻ nhớ tương thích microSD Memory Card, microSDHC Memory Card, microSDXC Memory Card</li>\n		<li>Các chế độ chụp: Chụp tự động, chụp tự động Hybrid, chụp P, chụp sáng tạo, chụp hiệu ứng mắt cá, chụp hiệu ứng thu nhỏ, chụp hiệu ứng đồ chơi, chụp lấy tiêu cự mềm, chụp ảnh đơn sắc, chụp phim ngắn chuyển động siêu chậm </li>\n		<li>Chế độ chụp liên tục: Xấp xỉ 2,3 ảnh/giây (ở chế độ P)</li>\n		<li>Màn trập tốc độ 1 - 1/2000 giây</li>\n		<li>Cổng kết nối: AV/ USB </li>\n		<li>Bộ pin NB-9L</li>\n		<li>Kích thước: 78.6 x 60.2 x 29.3mm</li>\n		<li>Khối Lượng: 174g (6,14oz.) (chỉ tính riêng thân máy)</li>\n		<li>Màu sắc: Đen, trắng</li>\n    </ul>', 5790000, 1, 1, 8, 55, 0, 106, '0000-00-00 00:00:00', 0, 'Trung Quốc'),
(3, 'Canon Powershot G16', 'assets\\images\\product\\3\\main_thumbs.jpg', 'Máy ảnh zoom du lịch gọn nhẹ', '<ul>\n<li>Độ phân giải máy ảnh	16 megapixels</li>\n<li>Bộ xử lý máy ảnh	DIGIC 4</li>\n<li>Cảm biến hình ảnh	CCD 1/2.3"</li>\n<li>Ống kính	Canon zoom</li>\n<li>Tiêu cự	5,0 (W) - 25,0 (T)mm (tương đương với phim 35mm 28 (W) - 140 (T)mm) </li>\n<li>Khẩu độ	f/2,8, f/7,9 (W), f/6,9, f/20 (T) </li>\n<li>Độ nhạy ISO	Tự động, ISO 100 / 200 / 400 / 800 / 1600</li>\n<li>Zoom quang học	5x</li>\n<li>Zoom kỹ thuật số	Xấp xỉ 4,0x (có thể lên tới xấp xỉ 20x khi kết hợp với zoom quang học) </li>\n<li>Màn hình	Màn hình màu TFT (loại góc ngắm rộng), xấp xỉ 230.000 điểm ảnh, tỉ lệ khuôn hình 4:3</li>\n<li>Kích thước màn hình	2.7 inch</li>\n<li>Cân bằng trắng	Auto / Daylight / Cloudy / Tungsten / Fluorescent / Fluorescent H / Custom</li>\n<li>Quay phim 	HD 720p (1280 x 720)</li>\n<li>Định dạng quay phim	MOV</li>\n<li>Thẻ nhớ tương thích	SD/SDHC/SDXC</li>\n<li>Cổng kết nối	AV / USB</li>\n<li>Loại pin	2 pin AA</li>\n<li>Kích thước	94.7 x 61.7 x 29.8mm</li>\n<li>Khối Lượng	174g (bao gồm pin và thẻ nhớ) </li>\n<li>Màu sắc	Bạc, đen</li>\n</ul>', 5190000, 1, 1, 8, 45, 0, 9, '0000-00-00 00:00:00', 0, 'Trung Quốc'),
(4, 'Canon Powershot D30', 'assets\\images\\product\\4\\main_thumbs.jpg', 'Biến mọi khoảnh khắc trở nên đặc biệt', '<ul>		\n		<li>Loại pin:	NB-6LH</li>\n		<li>Điều kiện:	Mới</li>\n		<li>Kích thước màn hình:	3.0</li>\n		<li>Gender:	Unisex</li>\n		<li>Độ phân giải camera (MP):	12.1</li>\n		<li>Model:	PowerShot D30</li>\n		<li>Zoom quang:	5.0</li>\n		<li>Kích thước sản phẩm (D x R x C cm):	14 x 10 x 6</li>\n		<li>Bảo hành:	Bảo hành 12 tháng (bằng phiếu bảo hành)</li>\n		<li>Trọng lượng (KG):	0.22</li>\n		<li>Loại pin tương thích Bộ pin: LP-E6N / LP-E6 </li>\n		<li>Thời gian sạc Xấp xỉ 2 giờ 30 phút </li>\n		<li>Nguồn điện vào 100 - 240 V AC (50 / 60 Hz) </li>\n		<li>Nguồn điện ra 8,4 V DC / 1,2 A </li>\n		<li>Phạm vị nhiệt độ khi làm việc 5°C - 40°C / 41°F - 104°F </li>\n		<li>Độ ẩm khi làm việc 85% hoặc thấp hơn </li>\n		<li>Kích thước (W x H x D) Xấp xỉ 69,0 x 33,0 x 93,0mm / 2,7 x 1,3 x 3,7in. </li>\n		<li>Trọng lượng Xấp xỉ 130g / 4,6oz. </li>\n    </ul>', 7500000, 1, 1, 8, 30, 0, 3, '0000-00-00 00:00:00', 0, 'Trung Quốc'),
(5, 'Canon Digital IXUS 275', 'assets\\images\\product\\5\\main_thumbs.jpg', 'Nâng tầm nhiếp ảnh của bạn', '<ul>		\n		<li>Loại pin	NB-11LH</li>\n		<li>Điều kiện	Mới</li>\n		<li>Kích thước màn hình	3.0</li>\n		<li>Gender	Unisex</li>\n		<li>Độ phân giải camera (MP)	20.2</li>\n		<li>Model	IXUS 275 HS</li>\n		<li>Zoom quang	12.0</li>\n		<li>Kích thước sản phẩm (D x R x C cm)	13 x 9 x 6</li>\n		<li>Bảo hành	Bảo hành 24 tháng chính hãng Canon Lê Bảo Minh (bằng thẻ)</li>\n		<li>Trọng lượng (KG)	0.15</li>\n		<li>Thẻ nhớ\n		SD, SDHC, SDXC</li>\n		<li>Lấy nét</li>\n		<li>Tự động lấy nét</li>\n		<li>Loại ống kính</li>\n		<li>4,5-54,0 mm ( 35 mm tương đương : 25 - 300 mm )</li>\n		<li>Khẩu độ</li>\n		<li>f/3.6 – f/7.0</li>\n		<li>Độ nhạy sáng (ISO)	AUTO, 80, 100, 200, 400, 800, 1600, 3200</li>\n		<li>Thông số về Lens</li>\n		<li>Tốc độ chụp (Shutter Speed)	1 - 1/2000 sec và 15 - 1/2000 sec</li>\n		<li>Tự động lấy nét (AF)	Có</li>\n		<li>Optical Zoom (Zoom quang)	12x</li>\n		<li>Digital Zoom (Zoom số)	4x</li>\n		<li>Thông số khác</li>\n		<li>Định dạng File ảnh	JPEG nén , ( Exif 2.3 [ Exif Print]</li>\n		<li>Định dạng File phim	P4 [Video: MPEG4-AVC / H.264, Audio: MPEG4 AAC-LC</li>\n		<li>Chuẩn giao tiếp	USB,Cổng HDMI</li>\n		<li>Quay phim	có</li>\n		<li>Chống rung	có</li>\n		<li>Loại pin sử dụng	Battery NB-11LHợng Xấp xỉ 130g / 4,6oz. </li>\n    </ul>', 5200000, 1, 1, 6, 90, 0, 0, '0000-00-00 00:00:00', 0, 'Nhật Bản'),
(6, 'Canon IXUS 160', 'assets\\images\\product\\6\\main_thumbs.jpg', 'Bộ xử lí DIGIC 4+ Chế độ tiết kiệm năng lượng Bộ lọc sáng tạo tuyệt đỉnh', '<ul>		\n		<li>Độ phân giải máy ảnh	20 megapixels</li>\n		<li>Bộ xử lý máy ảnh	DIGIC 4+</li>\n		<li>Cảm biến hình ảnh	CCD 1/2.3"</li>\n		<li>Ống kính	Canon zoom</li>\n		<li>Tiêu cự	4,3 (W) – 43,0 (T) mm</li>\n		<li>Khẩu độ	f/3,0 / f/9,0 (W), f/6,9 / f/20 (T)</li>\n		<li>Độ nhạy ISO	Tự động, ISO 100 – 1600 tăng giảm 1 bước</li>\n		<li>Zoom quang học	10x</li>\n		<li>Zoom plus	20x</li>\n		<li>Màn hình	LCD xấp xỉ 230.000 điểm ảnh</li>\n		<li>Kích thước màn hình	2.7 inch</li>\n		<li>Số điểm lấy nét (DSLR)	-</li>\n		<li>Cân bằng trắng: 	Auto (including Face Detection WB), Daylight, Cloudy, Tungsten, Fluorescent, Fluorescent H, Custom</li>\n		<li>Quay phim 	HD 720p (1280 x 720)</li>\n		<li>Định dạng quay phim	MOV</li>\n		<li>Bộ nhớ trong	-</li>\n		<li>Thẻ nhớ tương thích	SD/SDHC/SDXC</li>\n		<li>Chống rung điện tử	-</li>\n		<li>Các tính năng khác	Phím TỰ ĐỘNG, phím ECO, và phím Trợ giúp</li>\n		<li>Cổng kết nối	AV/ USB</li>\n		<li>Loại pin	Li-ion  NB-11LH</li>\n		<li>Kích thước:	95.3 x 56.8 x 23.7 mm</li>\n		<li>Khối Lượng:	142g</li>\n		<li>Màu sắc	Bạc, hồng, xanh dương</li>\n    </ul>', 2049000, 1, 1, 6, 30, 0, 1, '0000-00-00 00:00:00', 0, 'Nhật Bản'),
(7, 'Canon Digital IXUS 125HS', 'assets\\images\\product\\7\\main_thumbs.jpg', 'Rực rỡ tinh tế.', '<ul>		\n		<li>Độ phân giải máy ảnh	16 megapixels</li>\n		<li>Bộ xử lý máy ảnh	DIGIC 4 +</li>\n		<li>Cảm biến hình ảnh	CMOS 1/2.3</li>\n		<li>Ống kính	Canon zoom</li>\n		<li>Tiêu cự	4.5 – 54.0 mm</li>\n		<li>Khẩu độ	f/3.6 – f/7.0</li>\n		<li>Độ nhạy ISO	AUTO, 100, 200, 400, 800, 1600, 3200</li>\n		<li>Zoom quang học	12x</li>\n		<li>Zoom kỹ thuật số	4x</li>\n		<li>Màn hình	TFT LCD Xấp xỉ 461.000 điểm ảnh</li>\n		<li>Kích thước màn hình	3 inch (7.5cm)</li>\n		<li>Các chế độ chụp	Chụp tự động, chụp tự động ghép hình, chụp  P, chụp sáng tạo, chụp chân dung, chụp màn trập thông minh*, chụp tốc độ cao, chụp cảnh đêm có tay cầm máy, chụp ánh sáng yếu, chụp hiệu ứng mắt cá, chụp hiệu ứng thu nhỏ,chụp hiệu ứng máy ảnh đồ chơi, chụp đơn sắc, chụp siêu rực rỡ, chụp hiệu ứng poster, chụp cảnh tuyết, chụp pháo hoa, chụp phơi sáng lâu</li>\n\n		<li>*cười, hẹn giờ nháy mắt, hẹn giờ lấy nét khuôn mặt</li>\n		<li>•Có thể quay phim bằng cách nhấn phím quay phim</li>\n		<li>Chụp liên tiếp (chế độ P)	Xấp xỉ 3,9 ảnh/giây (ở chế độ P)</li>\n		<li>Xấp xỉ 10,5 ảnh/giây (ở chế độ chụp tốc độ cao) </li>\n		<li>Cân bằng trắng	Auto, Daylight, Cloudy, Tungsten, Fluorescent, Fluorescent H, Custom.</li>\n		<li>Quay phim 	Full HD 1920 x 1080</li>\n		<li>Định dạng quay phim	MP4 [Video: MPEG4-AVC (H.264), Audio: MPEG4 AAC-LC (monaural)]</li>\n		<li>Bộ nhớ trong	-\n		Thẻ nhớ tương thích	SD/SDHC/SDXC</li>\n		<li>Chống rung điện tử	-\n		Phụ kiện đi kèm	 </li>\n		<li>Cổng kết nối	AV / USB / WIFI với NFC / Micro HDMI </li>\n		<li>Loại pin	Bộ pin NB-11LH</li>\n		<li>Kích thước	99,7 x 57,6 x 22,4mm</li>\n		<li>Khối Lượng	147g (bao gồm pin và thẻ nhớ) </li>\n		<li>Màu sắc	Đỏ</li>\n    </ul>', 5900000, 1, 1, 6, 35, 0, 0, '0000-00-00 00:00:00', 0, 'Nhật Bản'),
(8, 'Canon EOS M', 'assets\\images\\product\\8\\main_thumbs.jpg', 'Ghi lại những khoảnh khắc vui vẻ trong cuộc sống', '<ul>		\n		<li>Độ phân giải: 18 MP</li>\n		<li>Bộ cảm biến: CMOS</li>\n		<li>Màn hình: TFT LCD 3.0 inch</li>\n		<li>Quay phim: Full HD</li>\n		<li>ISO 100 đến ISO 25600</li>\n		<li>TÍNH NĂNG NỔI BẬT</li>\n		<li>Hệ thống tự động lấy nét lai Hybrid AF</li>\n		<li>Sức mạnh vi xử lý DIGIC 5 cùng cảm biến lai Hybrid CMOS 18.1MP</li>\n		<li>Dải nhạy sáng rộng 100-12800, mở rộng đến 25600</li>\n		<li>Màn hình cảm ứng điện dung</li>\n		<li>Chân đèn chuẩn cũ</li>\n		<li>Hỗ trợ tối đa cho ống kính chất lượng cao</li>\n    </ul>', 22000000, 4, 1, 5, 20, 0, 7, '0000-00-00 00:00:00', 0, 'Đoài Loan'),
(9, 'Canon EOS 6D', 'assets\\images\\product\\9\\main_thumbs.jpg', 'Sức mạnh thắp sáng bóng đêm', '<ul>		\n		<li>Thiết bị xử lý hình ảnh	DIGIC 5</li>\n		<li>Bộ cảm biến hình ảnh	 </li>\n		<li>Các điểm ảnh hiệu quả	Xấp xỉ 12.1 triệu điểm ảnh</li>\n		<li>Ống kính	 </li>\n		<li>Chiều dài tiêu cự	Zoom 5x:	5,2 (W) - 26 (T)mm</li>\n		<li>(tương đương với phim 35mm: 24 (W) - 120 (T)mm)</li>\n		<li>Phạm vi lấy nét	3cm (1,2in.) - infinity (W), 30cm (12in.) - infinity (T)</li>\n		<li>Ảnh Macro:	3 - 50cm (1,2in. - 1,6ft.) (W), </li>\n		<li>30 - 50cm (12in. - 1,6ft.) (T)</li>\n		<li>Hệ thống ổn định hình ảnh (IS)	Loại ống kính dịch chuyển</li>\n		<li>Màn hình LCD	 </li>\n		<li>Kích thước màn hình	Loại 3,0-inch (Xấp xỉ 461.000 điểm ảnh)</li>\n		<li>Tỉ lệ khuôn hình	4:3</li>\n		<li>Các tính năng	Màn hình chạm</li>\n		<li>Lấy nét	 </li>\n		<li>Hệ thống điều chỉnh	AF liên tục, Servo AF / Servo AE, lấy nét bằng tay</li>\n		<li>Khung AF	AiAF dò tìm khuôn mặt, gắn cố định</li>\n		<li>Hệ thống lấy sáng	Lấy sáng toàn bộ, lấy sáng trung bình trọng điểm vùng trung tâm, lấy điểm</li>\n		<li>Tốc độ ISO (độ nhạy đầu ra tiêu chuẩn, thông số ánh sáng khuyên dùng)	Auto, ISO 80 - 12800 \n		dung sai 1/3 điểm</li>\n		<li>Màn trập	 \n		Tốc độ màn trập	1 - 1/2000 giây\n		15 - 1/2000 giây (khi ở chế độ Tv và chế độ M)</li>\n		<li>Khẩu độ	 \n		Loại	Loại Iris\n		f/số	f/2,0 - f/8,0 (W), f/5,9 - f/8,0 (T)</li>\n		<li>Đèn Flash	 </li>\n		<li>Các chế độ đèn	Đèn tự động, bật đèn, xung thấp, tắt đèn</li>\n		<li>Phạm vi đèn	50cm - 7,0m (W), 50 - 2,3m (T)\n		(1,6ft. - 23ft. (W), 1,6 - 7,5 (T))</li>\n		<li>Các thông số kĩ thuật chụp hình	 </li>\n		<li>Các chế độ chụp	C, M, Av, Tv, P, chụp tự động, Movie Digest, SCN*1, chụp với bộ lọc sáng tạo*2, quay phim*3</li>\n\n		<li>*1 Chụp chân dung, chụp da mặt mịn, chụp màn trập thông minh*4, chụp tốc độ cao HQ, chụp cảnh đêm cầm máy, chụp dưới nước, chụp cảnh tuyết, hỗ trợ ghép hình. </li>\n		<li>*2 Phạm vi động lực học cao, chụp hoài cổ, chụp hiệu ứng mắt cá, chụp hiệu ứng thu nhỏ, chụp hiệu ứng máy ảnh đồ chơi, chụp lấy nét mềm, chụp đơn sắc, chụp sống động, chụp hiệu ứng poster, chụp nhấn màu, chụp đổi màu.</li>\n		<li>*3 Tiêu chuẩn, quay phim iFrame, quay phim chuyển động siêu chậm. </li>\n		<li>*4 Cười, hẹn giờ nháy mắt, hẹn giờ lấy khuôn mặt.</li>\n		<li>Chụp hình liên tiếp	Ở chế độ P:	Xấp xỉ 2,1 ảnh/giây</li>\n		<li>Ở chế độ chụp HQ tốc độ cao:	Xấp xỉ 10 ảnh/giây</li>\n		<li>Số lượng điểm ảnh ghi hình	Ảnh tĩnh:	4:3</li>\n		<li>Ảnh cỡ lớn: 4000 x 3000, </li>\n		<li>Ảnh cỡ trung 1: 2816 x 2112,</li>\n		<li>Ảnh cỡ trung 2: 1600 x 1200,</li>\n		<li>Ảnh cỡ nhỏ: 640 x 480, </li>\n		<li>Ảnh RAW: 4000 x 3000</li>\n		<li>Phim ngắn:	Quay phim iFrame và Movie Digest: 1280 x 720</li>\n		<li>Phim ngắn chuyển động siêu chậm: 640 x 480 / \n		320 x 240</li>\n		<li>Hiệu ứng thu nhỏ: 1280 x 720 / 640 x 480</li>\n		<li>Các loại khác: 1920 x 1080 / 1280 x 720 / \n		640 x 480</li>\n		<li>Số lượng ảnh chụp \n		(tuân theo CIPA)	Xấp xỉ 200 ảnh</li>\n		<li>Thời gian quay phim \n		(thời gian sử dụng thực tế)	Xấp xỉ 40 phút</li>\n		<li>Nguồn điện	Bộ pin NB-5L</li>\n		<li>Kích thước (tuân theo CIPA)	98,8 x 59,0 x 26,9mm (3,89 x 2,32 x 1,06in.)</li>\n		<li>Trọng lượng (tuân theo CIPA)	Xấp xỉ 198g (14,1oz.) (bao gồm pin và thẻ nhớ)</li>\n		<li>Xấp xỉ 173g (12,4oz.) (chỉ tính riêng trọng lượng thân máy)</li>\n		<li>Các chức năng khác	GPS</li>\n    </ul>', 31800000, 2, 1, 5, 15, 0, 26, '0000-00-00 00:00:00', 0, 'Đoài Loan'),
(10, 'Canon ELPH 310HS', 'assets\\images\\product\\10\\main_thumbs.jpg', 'Thân thiện với người sử dụng, giá cả hợp lý', '<ul>		\n		<li>Độ phân giải máy ảnh	16x</li>\n		<li>Bộ xử lý máy ảnh	DIGIC 4</li>\n		<li>Ống kính 	Canon zoom lens</li>\n		<li>Tiêu cự	F= 28 - 448 mm (tương đương phim 35mm)</li>\n		<li>Độ nhạy ISO	Auto, ISO 100 - 1600</li>\n		<li>Zoom quang học	16x</li>\n		<li>Zoom kỹ thuật số	4x</li>\n		<li>Zoom Plus 	32x</li>\n		<li>Cảm biến hình ảnh	CCD 1/2.3"</li>\n		<li>Màn hình 	TFT LCD  230,000 điểm ảnh</li>\n		<li>Kích thước màn hình	3.0" (7.5 cm)</li>\n		<li>Cân bằng trắng: 	Auto, Daylight, Cloudy, Tungsten, Fluorescent, Fluorescent H, Custom</li>\n		<li>Các chế độ chụp	M, Av, Tv, P, chụp ngắm qua màn hình, chụp tự động, SCN*1 , chụp với bộ lọc sáng tạo *2, chụp thận trọng, quay phim*3 </li>\n		<li>*1 Chụp chân dung, chụp hẹn giờ lấy nét khuôn mặt, chụp ánh sáng yếu, chụp cảnh tuyết, chụp pháo hoa </li>\n		<li>*2 Chụp hiệu ứng mắt cá, chụp hiệu ứng thu nhỏ, chụp hiệu ứng máy ảnh đồ chơi, chụp đơn sắc, chụp siêu sống động, chụp hiệu ứng poster. </li>\n		<li>3 Chế độ chuẩn</li>\n		<li>* Có thể chụp ảnh bằng phím quay phim</li>\n		<li>Quay phim 	HD 720p (1280 x 720)</li>\n		<li>Định dạng quay phim	MOV</li>\n		<li>Thẻ nhớ tương thích 	SD/SDHC/SDXC</li>\n		<li>Cổng kết nối	AV/ USB</li>\n		<li>Loại pin	NB-6LH</li>\n		<li>Kích thước:	108 x 71 x 43.9 mm</li>\n		<li>Khối Lượng:	228g  (chỉ tính thân máy) </li>\n		<li>Màu sắc	Đen</li>\n    </ul>', 3099000, 1, 1, 7, 60, 0, 0, '0000-00-00 00:00:00', 0, 'Mỹ'),
(11, 'Sony DSC W800', 'assets\\images\\product\\11\\main_thumbs.jpg', '20.1MP dòng W, zoom quang học 5x', '<ul>		\n		<li>Độ phân giải máy ảnh	20.1 megapixel</li>\n		<li>Hệ thống ổn định hình ảnh	EIS (không có GYRO)</li>\n		<li>Cảm biến hình ảnh 	Super HAD CCD</li>\n		<li>Ống kính 	Ống kính Sony</li>\n		<li>Tiêu cự 	f=4.6-23mm</li>\n		<li>Độ nhạy ISO	Auto/100/200/400/800/1600/3200 *1</li>\n		<li>Zoom quang học	5x</li>\n		<li>Zoom kỹ thuật số	-</li>\n		<li>Khả năng zoom quang học khi quay phim  	5x</li>\n		<li>Nhận diện khuôn mặt - tối đa	8 khuôn mặt</li>\n		<li>Tốc độ màn trập	iAuto(2 - 1/1500) / Program Auto(1 - 1/1500) *2</li>\n		<li>Cân bằng trắng: 	Auto, Daylight, Cloudy, Flourescent White Balance 1, Flourescent White Balance 2, Flourescent White Balance 3, Incandescent, Flash</li>\n		<li>Chế độ đèn Flash	Auto/Flash On/Slow Synchro/Flash Off/Advanced Flash</li>\n		<li>Vùng chiếu sáng	ISO Auto: xấp xỉ 0.4m đến 3.5m(W)/xấp xỉ 0.6m đến 1.76 m(T),ISO3200: lên đến xấp xỉ 7 m(W)/xấp xỉ3.5 m(T)</li>\n		<li>Bộ nhớ trong	29MB</li>\n		<li>Màn hình 	ClearPhoto / TFT LCD 230,400 điểm ảnh</li>\n		<li>Kích thước màn hình	2.7 inch (Xấp xỉ 6.7cm)</li>\n		<li>Thẻ nhớ tương thích	-\n		<li>Quay phim 	HD 720p </li>\n		<li>Phụ kiện đi kèm	Bộ pin sạc NP-BN *7, AC Adaptor AC-UB10C, dây đeo tay, dây Multi USB, hướng dẫn sử dụng</li>\n		<li>Kích thước:	96.8 x 55.5 x 20.8 mm</li>\n		<li>Khối Lượng:	125g</li>\n		<li>Màu sắc	Đen, bạc</li>\n    </ul>', 1790000, 1, 4, 12, 45, 0, 21, '0000-00-00 00:00:00', 0, 'Trung Quốc'),
(12, 'Sony DSC W830', 'assets\\images\\product\\12\\main_thumbs.jpg', '20.1MP dòng W, zoom quang học 8x ', '<ul>		\n		<li>Độ phân giải máy ảnh	20.1 mp</li>\n		<li>Bộ xử lý hình ảnh	BIONZ</li>\n		<li>Cảm biến hình ảnh	Super HAD CCD 1/2.3"</li>\n		<li>Ống kính	Vario-Tessar 8 yếu tố trong 7 nhóm (bao gồm 5 yếu tố phi cầu)</li>\n		<li>Tiêu cự 	f=4.5-36mm</li>\n		<li>Khẩu độ 	F3.3(W)-6.3(T)</li>\n		<li>Độ nhạy ISO	Auto / 80 / 100 / 200 / 400 / 800 / 1600 / 3200</li>\n		<li>Zoom quang học	8x</li>\n		<li>Khả năng zoom quang học khi quay phim\n		8x</li>\n		<li>Chế độ chụp ảnh	Chế độ tự động thông minh / Easy Shooting / Program Auto / Panorama / Chọn cảnh / Hiệu ứng hình ảnh / 3D</li>\n		<li>Màn hình 	ClearPhoto TFT LCD 230,400 điểm ảnh</li>\n		<li>Kích thước màn hình	2.7 inch </li>\n		<li>Cân bằng trắng: 	Auto/Daylight/Cloudy/Fluorescent/Incandescent/Flash/One Push, One Push Set</li>\n		<li>Quay phim 	HD 720p </li>\n		<li>Định dạng quay phim	MP4</li>\n		<li>Nhận diện khuôn mặt - tối đa	Có - nhận diện 8 khuôn mặt</li>\n		<li>Các tính năng khác	Chụp hình trong khi đang quay phim, Chức năng nhận diện nụ cười</li>\n		<li>Thẻ nhớ tương thích 	SD/SDHC/SDXC/Stick Duo/Stick PRO Duo/ Stick PRO Duo - High Speed/Stick PRO HG Duo/Stick Micro/Stick Micro (Mark2)</li>\n		<li>Phụ kiện đi kèm	Bộ pin sạc NP-BN, AC AdaptorAC-UB10C/UB10D, dây Multi USB, dây đeo tay, hướng dẫn sử dụng, dây nguồn AC</li>\n		<li>Cổng kết nối	AV/ USB</li>\n		<li>Kích thước:	93.1 x 52.5 x 22.5mm</li>\n		<li>Khối Lượng:	120g</li>\n		<li>Màu sắc	Đen, hồng, bạc, tím</li>\n    </ul>', 2590000, 1, 4, 12, 55, 0, 4, '0000-00-00 00:00:00', 0, 'Trung Quốc'),
(13, 'Sony Cyber ShotDSC 560', 'assets\\images\\product\\13\\main_thumbs.jpg', '20.1MP dòng H, zoom quang học 35x', '<ul>		\n		<li>Độ phân giải máy ảnh	20.1 megapixels</li>\n		<li>Bộ xử lý máy ảnh	-</li>\n		<li>Cảm biến hình ảnh	Super HAD CCD</li>\n		<li>Ống kính	Sony lens</li>\n		<li>Tiêu cự	4.5-157.5mm</li>\n		<li>Khẩu độ	F3.0(W) - 5.9(T)</li>\n		<li>Độ nhạy ISO	Ảnh tĩnh: Auto(80/100/200/400/800/1600/3200)*3, Phim: Auto(ISO200-1600 Level)</li>\n		<li>Zoom quang học	35x (cho quay phim)</li>\n		<li>Zoom tỉ lệ - Ảnh tĩnh	20M xấp xỉ 70x / 10M xấp xỉ 49x / 5M xấp xỉ 69x / VGA xấp xỉ 280x / 2M(16.9) xấp xỉ 93x</li>\n		<li>Màn hình	TFT LCD 460,800 điểm ảnh</li>\n		<li>Kích thước màn hình	3 inch (7.5cm)</li>\n		<li>Số điểm lấy nét (DSLR)	-</li>\n		<li>Các chế độ chụp	 Chế độ tự động thông minh, Easy Shooting, Program Auto, Movie Mode, Panorama, Chọn cảnh, Hiệu ứng hình ảnh, Thiết lập đo sáng bằng tay</li>\n		<li>Live View (DSLR)	-</li>\n		<li>Cân bằng trắng	Auto/Daylight/Cloudy/Incandescent/Fluor. Cân bằng trắng: 1-3 /Flash/One Push, One Push Set</li>\n		<li>Quay phim 	HD (720p)</li>\n		<li>Định dạng quay phim	-</li>\n		<li>Bộ nhớ trong	-</li>\n		<li>Thẻ nhớ tương thích	Stick Duo (Still Image / Movies) / Stick PRO Duo (Still Image / Movies) / Stick PRO Duo - High Speed / Stick PRO HG Duo / SD / SDHC / SDXC / Stick XC-HG Duo / Stick Micro / Stick Micro (Mark2) / Micro SD / Micro SDHC /  Micro SDXC.</li>\n		<li>Các tính năng khác	Nhận diện khuôn mặt,  Chụp hình trong khi đang quay phim,  Chức năng nhận diện nụ cười,  Hiển thị ô kẻ,  Hiệu ứng làm đẹp hình ảnh Beauty Effect,  Date View,  Phát Slideshow với nhạc,  Start-up Time,  Shooting Time Lag,  Shutter Release Time Lag,  Shooting Interval,  Built-in Microphone,  Khả năng zoom quang học khi quay phim,  Biểu đồ đo sáng</li>\n		<li>Phụ kiện đi kèm	Pin AA, dây đeo vai, nắp đậy ống kính, dây giữ nắp ống kính, dây Multi USB(1-837-783-**), Hướng dẫn sử dụng</li>\n		<li>Cổng kết nối	AV / USB</li>\n		<li>Loại pin	AA</li>\n		<li>Kích thước	127.5 x 89.0 x 91.7mm</li>\n		<li>Khối Lượng	590g (bao gồm pin và thẻ nhớ) </li>\n		<li>Màu sắc	Đen</li>\n    </ul>', 4190000, 1, 4, 12, 25, 0, 1, '0000-00-00 00:00:00', 0, 'Trung Quốc'),
(14, 'Sony Cyber ShotDSC W350', 'assets\\images\\product\\14\\main_thumbs.jpg', 'dòng W độ phân giải 18.2MP, Zoom quang học 10x', '<li>Độ phân giải máy ảnh	18.2 megapixel</li>\n		<li>Bộ xử lý máy ảnh	BIONZ X</li>\n		<li>Cảm biến hình ảnh	Cảm biến Exmor R CMOS</li>\n		<li>Ống kính 	Sony G 9 yếu tố 7 nhóm (bao gồm 4 yếu tố phi cầu diện)</li>\n		<li>Tiêu cự	f=4.45-44.5mm</li>\n		<li>Khẩu độ	F3.3(W)-5.9(T)</li>\n		<li>Độ nhạy ISO	Auto(ISO100-1600) *12,100/200/400/800/1600/3200 *12,Multi Frame NR:Auto(ISO100-1600) *12, 100/200/400/800/1600/3200/6400 *3 *12/12800 *3 *12</li>\n		<li>Zoom quang học	10x (zoom quang học cho quay phim)</li>\n		<li>Zoom hình ảnh rõ nét	18M xấp xỉ 20x/10M xấp xỉ 26x/5M xấp xỉ 37x/VGA xấp xỉ 153x/13M(16:9) xấp xỉ 20x/2M(16:9) xấp xỉ 51x *1 *2</li>\n		<li>Màn hình 	ClearPhoto/TFT LCD, 460,800 điểm ảnh</li>\n		<li>Kích thước màn hình	2.7 inch</li>\n		<li>Cân bằng trắng	Auto, Daylight, Cloudy, Incandescent, Fluor.: Cool White, Fluor.: Day White, Fluor.: Daylight, Flash, Custom</li>\n		<li>Quay phim 	Full HD 1080p</li>\n		<li>Định dạng quay phim	AVCHD, AVC MP4</li>\n		<li>Bộ nhớ trong 	-</li>\n		<li>Thẻ nhớ tương thích	-</li>\n		<li>Cổng kết nối	AV, USB, micro HDMI</li>\n		<li>Pin	NP-BN *10</li>\n		<li>Kích thước:	92.3 x 52.4 x 21.6 mm</li>\n		<li>Khối Lượng:	122g</li>\n		<li>Phụ kiện kèm theo	Bộ pin sạc NP-BN *10, AC AdaptorAC-UB10C/UB10D, dây Micro USB, dây đeo tay, hướng dẫn sử dụng, dây nguồn AC</li>\n		<li>Màu sắc	Đen, hồng, vàng, xanh</li>', 4490000, 1, 4, 12, 32, 0, 0, '0000-00-00 00:00:00', 0, 'Trung Quốc'),
(15, 'Sony Cyber ShotDSC 5000', 'assets\\images\\product\\15\\main_thumbs.jpg', '18.2MP, zoom quang học 20x', '<ul>		\n		<li>Độ phân giải máy ảnh	18.2 megapixel</li>\n		<li>Bộ xử lý máy ảnh	Bionz X™ đạt tốc độ cao và tái tạo chi tiết hiệu quả</li>\n		<li>Ống kính	Sony G 11 yếu tố trong 10 nhóm (bao gồm 5 yếu tố phi cầu)</li>\n		<li>Tiêu cự 	f=4.3-86.0mm</li>\n		<li>Khẩu độ 	iAuto(F3.5/F8.0(W), 2 bước với ND Filter)/Program Auto(F3.5/F8.0(W), 2 bước với ND Filter)</li>\n		<li>Tốc độ màn trập	iAuto(4" - 1/1600)/Program Auto(1" - 1/1600) *6</li>\n		<li>Độ nhạy ISO	Auto(ISO80-1600) *13, 80/100/200/400/800/1600/3200 *13, Multi Frame NR:Auto(ISO80-1600) *13, 100/200/400/800/1600/3200/6400 *5 *13 /12800 *5 *13</li>\n		<li>Zoom quang học	20x</li>\n		<li>Khả năng zoom quang học khi quay phim	20x</li>\n		<li>Màn hình 	ClearPhoto/TFT LCD</li>\n		<li>Kích thước màn hình	3.0" (7.5 cm)</li>\n		<li>Cân bằng trắng: 	Auto, Daylight, Cloudy, Incandescent, Fluor.: Cool White, Fluor.: Day White, Fluor.: Daylight, Flash, Custom</li>\n		<li>Quay phim	Full HD 60p</li>\n		<li>Định dạng quay phim	AVCHD / AVC MP4 - VGA</li>\n		<li>Bộ nhớ trong 	-\n		<li>Thẻ nhớ tương thích	Stick Duo / Stick PRO Duo / Stick PRO Duo - High Speed / Stick PRO HG Duo / SD / SDHC / SDXC / Stick Micro / Stick Micro (Mark 2) / Micro SD / Micro SDHC / Micro SDXC</li>\n		<li>Loại pin	-\n		Cổng kết nối	AV/ USB / Micro HDMI / WIFI / DC IN</li>\n		<li>Tính năng khác	Nhận diện khuôn mặt, Chụp hình trong khi đang quay phim, Ảnh tĩnh ghi lại từ phim, Điều khiển HDMI, Chụp hình sáng tạo với chức năng Photo Creativity,\n		<li>Phụ kiện đi kèm	Bộ pin sạc NP-BX1, AC Adaptor AC-UB10C/UB10D, dây Micro USB, dây đeo tay, hướng dẫn sử dụng</li>\n		<li>Kích thước	Xấp xỉ 96.0 x 54.9 x 25.7 mm</li>\n		<li>Khối Lượng	164g</li>\n		<li>Màu sắc	Đen, trắng, hồng</li>\n    </ul>', 5990000, 1, 4, 12, 49, 0, 1, '0000-00-00 00:00:00', 0, 'Trung Quốc'),
(16, 'Sony-ILCE-7S', 'assets\\images\\product\\16\\main_thumbs.jpg', 'Sony-ILCE-7S 24.3MP (màu Đen) với ống kính SELP1650', '                        <ul>		\r\n		<li>Độ phân giải máy ảnh	24.3 Megapixel</li>\r\n		<li>Bộ xử lý máy ảnh	BIONZ X™</li>\r\n		<li>Cảm biến hình ảnh	Cảm biến APS-C (23.5 x 15.6mm), Exmor CMOS</li>\r\n		<li>Ống kính	Ống kính Sony E-mount</li>\r\n		<li>Tiêu cự	16-50 mm</li>\r\n		<li>Khẩu độ	-\r\n		Độ nhạy ISO	Ảnh tĩnh: ISO 100-25600, TỰ ĐỘNG (ISO 100-25600, có thể chọn giới hạn thấp hơn và cao hơn), Phim: tương đương ISO 100-12800, TỰ ĐỘNG (tương đương ISO 100-12800, có thể chọn giới hạn thấp hơn và cao hơn)</li>\r\n		<li>Màn hình	TFT LCD   921,600 điểm ảnh</li>\r\n		<li>Kích thước màn hình	3 inch</li>\r\n		<li>Tính năng màn hình	Màn hình cảm ứng, góc điều chỉnh 180 độ,  WhiteMagic,  Hiển thị điều chình hình ảnh thực tế, Zebra,  Peaking MF</li>\r\n		<li>Các kiểu hiển thị	Hiển thị đồ họa / Hiển thị tất cả thông tin / Không hiển thị Thông tin / Biểu đồ</li>\r\n		<li>Tốc độ màn trập	Ảnh tĩnh:1/4000 đến 30 giây, Bulb, Movies: 1/4000 đến 1/4 (1/3 bước)(lên đến 1/60 ở chế độ AUTO (lên đến 1/30 ở chế độ Auto slow shutter))</li>\r\n		<li>Cân bằng trắng	Tự động/ Ban ngày / Bóng râm/ Nhiều mây/ Ánh sáng chói/ Đèn huỳnh quang (Trắng ấm / Trắng lạnh / Trắng sáng ban ngày / Ánh sáng ban ngày)/ Flash/ Dưới Nước/ Nhiệt độ màu (2500 đến 9900K) & Bộ lọc màu (G7 đến M7(15-step), A7 đến B7(15-step))/ Tùy chỉnh</li>\r\n		<li>Chụp ảnh bù sáng	3 khung hình, có thể lựa chọn Cao/Thấp</li>\r\n		<li>Quay phim 	Full HD XAVC S</li>\r\n		<li>Định dạng quay phim	XAVC S, AVCHDVer. 2.0, MP4</li>\r\n		<li>Bộ nhớ trong	-</li>\r\n		<li>Thẻ nhớ tương thích	Memory Stick PRO Duo, Memory Stick PRO-HG Duo, Memory Stick XC-HG Duo, SD, SDHC (UHS-I compliant), SDXC (UHS-I compliant)</li>\r\n		<li>Các đặc tính khác	Chức năng nhận diện nụ cười,  Chạm để chụp,  Chạm để lấy nét,  Hẹn giờ tự chụp chân dung,  PlayMemories Camera Apps,  Hướng dẫn chụp ảnh,  Hướng dẫn sử dụng,  Chức năng khóa, cài đặt,  Vùng cài đặt,  Chế độ ở Shop,  Eye-Fi ready.</li>\r\n		<li>Phụ kiện đi kèm	Nắp đậy ống kính,  Dây nguồn,  Pin sạc NP-FW50,  AC Adaptor AC-UB10,  Dây đeo,  Dây Micro USB</li>\r\n		<li>Cổng kết nối	AV / USB / WIFI / NFC</li>\r\n		<li>Loại pin	Pin sạc NP-FW50</li>\r\n		<li>Kích thước	109.6 x 62.8 x 35.7 mm</li>\r\n		<li>Khối Lượng	283 g</li>\r\n		<li>Màu sắc	Đen	</li>\r\n    </ul>                    ', 15990000, 2, 4, 13, 45, 50, 121, '2015-12-30 00:00:00', 0, 'Nhật Bản'),
(17, 'Sony SLT A65V', 'assets\\images\\product\\17\\main_thumbs.jpg', '20.1MP đi kèm ống kính SAL18552', '<ul>		\n		<li>Độ phân giải máy ảnh	20.1 megapixel</li>\n		<li>Bộ xử lý máy ảnh	Bionz</li>\n		<li>Cảm biến hình ảnh	Cảm biến "Exmor" APS HD CMOS</li>\n		<li>Ống kính 	Ống kính A-mount Sony, hoạt động được với các ống kính Minolta/Konica Minolta</li>\n		<li>Tiêu cự	18-55mm</li>\n		<li>Khẩu độ	3.5-5.6</li>\n		<li>Độ nhạy ISO	ISO 125-1600 ISO 3200 (khả dụng khi sử dụng Chế độ tự động)</li>\n		<li>Zoom quang học	-</li>\n		<li>Zoom kỹ thuật số	-</li>\n		<li>Màn hình 	TFT, 460.800-dot</li>\n		<li>Kích thước màn hình	2.7 inch</li>\n		<li>Cân bằng trắng	Auto WB, Daylight, Shade, Cloudy, Incandescent, Fluorescent, Flash, C.Tem , C.Filter , Custom</li>\n		<li>Quay phim 	Full HD </li>\n		<li>Định dạng quay phim	AVCHD Ver. 2.0, MP4</li>\n		<li>Bộ nhớ trong 	-\n		Thẻ nhớ tương thích	Memory Stick PRO Duo, Memory Stick PRO-HG Duo, Memory Stick XC-HG Duo, SD, SDHC, SDXC</li>\n		<li>Cổng kết nối	AV, USB, micro HDMI</li>\n		<li>Pin	NP-FM500H</li>\n		<li>Kích thước:	128.6 x 95.5 x 77.7mm</li>\n		<li>Khối Lượng:	492g (chỉ tính body)</li>\n		<li>Màu sắc	Đen</li>\n    </ul>', 10990000, 2, 4, 14, 23, 0, 1, '0000-00-00 00:00:00', 0, 'Mỹ'),
(18, 'Sony SLT A99V', 'assets\\images\\product\\18\\main_thumbs.jpg', '20.1MP đi kèm ống kính to và bự', '<ul>		\n		<li>Độ phân giải: 16.3 MP</li>\n		<li>Chip xử lý: BSI CMOS</li>\n		<li>Zoom quang học: 21X</li>\n		<li>Ống kính góc rộng: 23mm F2.8</li>\n		<li>ISO: 80 - 3200</li>\n		<li>Quay phim: Full HD 1080p</li>\n		<li>Màn hình: 4.8" cảm ứng Super Clear LCD</li>\n		<li>Chống rung: quang học</li>\n		<li>Chip xử lý: 4 nhân tốc độ 1.6 GHz</li>\n		<li>RAM: 2GB</li>\n		<li>Bộ nhớ trong: 8GB có thể mở rộng lên 64GB</li>\n		<li>Wifi: 802.11 a/b/g/n, dual-band, Wi-Fi hotspot</li>\n		<li>Bluetooth: Có</li>\n		<li>Hệ điều hành: Android 4.3</li>\n		<li>Hiệu ứng hình ảnh: Smart Auto, Beauty shot, Live Panorama, Action Freeze</li>\n		<li>Pin: Lithium</li>\n		<li>Màu: Đen, Trắng</li>\n		<li>Tính năng Wifi:  up ảnh trực tiếp lên Facebook, Tag&Go(NFC/Wifi)</li>		\n    </ul>', 13990000, 2, 4, 14, 10, 0, 0, '0000-00-00 00:00:00', 0, 'Mỹ'),
(19, 'Sony Alpha 77II', 'assets\\images\\product\\19\\main_thumbs.jpg', 'sự lựa chọn hoàn hảo', '<ul>		\n		<li>Độ phân giải: 16.3 MP</li>	\n		<li>Chip xử lý: BSI CMOS</li>	\n		<li>Zoom quang học: 21X</li>	\n		<li>Ống kính góc rộng: 23mm F2.8</li>	\n		<li>ISO: 80 - 3200</li>	\n		<li>Quay phim: Full HD 1080p</li>	</li>	\n		<li>Màn hình: 4.8" cảm ứng Super Clear LCD</li>	\n		<li>Chống rung: quang học</li>	\n		<li>Chip xử lý: 4 nhân tốc độ 1.6 GHz</li>	\n		<li>RAM: 2GB</li>	\n		<li>Bộ nhớ trong: 8GB có thể mở rộng lên 64GB</li>	\n		<li>Wifi: 802.11 a/b/g/n, dual-band, Wi-Fi hotspot</li>	\n		<li>Bluetooth: Có</li>	\n		<li>Hệ điều hành: Android 4.3</li>	\n		<li>Hiệu ứng hình ảnh: Smart Auto, Beauty shot, Live Panorama, Action Freeze</li>	\n		<li>Pin: Lithium</li>	\n		<li>Màu: Đen, Trắng</li>	\n		<li>Tính năng Wifi:  up ảnh trực tiếp lên Facebook, Tag&Go(NFC/Wifi)</li>		\n    </ul>', 9490000, 2, 4, 11, 18, 0, 1, '0000-00-00 00:00:00', 0, 'Đoài Loan'),
(20, 'Sony Alpha NEX5', 'assets\\images\\product\\20\\main_thumbs.jpg', 'mến thì đến với nhau', '<ul>		\n		<li>Loại máy ảnh (Body type) Rangefinder style mirrorless</li>\n		<li>Gói sản phẩm Single Lens Kit</li>\n		<li>Độ lớn màn hình LCD(inch) 2.95 inch</li>\n		<li>Megapixel (Số điểm ảnh hiệu dụng) 14.2 Megapixel</li>\n		<li>Kích thước cảm biến (Sensor size) APS-C (23.4 x 15.6 mm)</li>\n		<li>Bộ cảm biến hình ảnh (Image Sensor) CMOS</li>\n		<li>Độ nhạy sáng (ISO) Auto (Range varies depending on shooting mode), ISO : 200, 400, 800, 1600 , 3200 ,6400 ,12800</li>\n		<li>Độ phân giải ảnh lớn nhất 4592 x 3056</li>\n		<li>Độ dài tiêu cự (Focal Length) f = 18-200mm</li>\n		<li>Độ mở ống kính (Aperture) F3.5-5.6</li>\n		<li>Tốc độ chụp (Shutter Speed) 30 to 1/4000 sec</li>\n		<li>Lấy nét tay (Manual Focus) Có</li>\n		<li>Lấy nét tự động (Auto Focus) </li>\n		<li>Optical Zoom (Zoom quang) Phụ thuộc vào Lens</li>\n		<li>Định dạng File ảnh (File format) • RAW • JPEG</li>\n		<li>Chế độ quay Video 1080p</li>\n		<li>Tính năng • In-camera HDR • Quay phim Full HD</li>\n		<li>Thông số khác </li>\n		<li>Chuẩn giao tiếp • USB • Video Out (NTSC/PAL) • HDMI</li>\n		<li>Loại pin sử dụng • Lithium-Ion (Li-Ion)</li>\n		<li>Cable kèm theo • Cable USB</li>\n		<li>Loại thẻ nhớ • Memory Stick Duo (MSD) • Secure Digital Card (SD) • SD High Capacity (SDHC) • SD eXtended Capacity Card (SDXC)</li>\n		<li>Dành cho máy cũ </li>\n		<li>Thời hạn bảo hành tại Hãng 2.0 GHz</li>\n		<li>Kích thước </li>\n		<li>Kích cỡ máy (Dimensions) 111x 59 x 38mm</li>		\n    </ul>', 33000000, 4, 4, 11, 5, 0, 2, '0000-00-00 00:00:00', 0, 'Đoài Loan'),
(21, 'Nikon Coolpix AW130', 'assets\\images\\product\\21\\main_thumbs.jpg', 'Chụp ảnh chất lượng cao chưa bao giờ dễ dàng đến thế.', '<ul>		\n		<li>Độ phân giải máy ảnh	16.1 megapixel</li>\n		<li>Bộ xử lý máy ảnh	-</li>\n		<li>Cảm biến hình ảnh	 CCD loại 1/2,3 inch; tổng cộng khoảng 16,44 triệu điểm ảnh</li>\n		<li>Ống kính 	Thấu kính NIKKOR với thu phóng quang 5x</li>\n		<li>Tiêu cự	4,6-23,0 mm (góc xem tương đương với thấu kính 26-130 mm ở định dạng 35mm [135])</li>\n		<li>Khẩu độ	f/3.2-6.5</li>\n		<li>Độ nhạy ISO	ISO 80-1600</li>\n		<li>Zoom quang học	5x</li>\n		<li>Zoom kỹ thuật số	Lên đến 4x (góc xem tương đương với thấu kính khoảng 520 mm ở định dạng 35mm [135])</li>\n		<li>Màn hình 	Màn hình tinh thể lỏng TFT  khoảng 230 điểm k, có điều chỉnh độ sáng 5 mức</li>\n		<li>Kích thước màn hình	6,7 cm (2,7 inch)</li>\n		<li>Cân bằng trắng	 </li>\n		<li>Quay phim 	HD 720p (cài đặt mặc định): 1280 x 720/16:9, VGA: 640 x 480/4:3, QVGA: 320 x 240/4:3 *Tỷ lệ khung hình là khoảng 30 fps (khung hình/giây) không phụ thuộc vào tùy chỉnh phim được thiết lập.</li>\n		<li>Định dạng quay phim	AVI</li>\n		<li>Bộ nhớ trong 	Khoảng 20 MB</li>\n		<li>Thẻ nhớ tương thích	SD/SDHC/SDXC</li>\n		<li>Cổng kết nối	AV, USB</li>\n		<li>Pin	Hai pin alkaline LR6/L40 (cỡ AA), Hai pin lithium FR6/L91 (cỡ AA), Hai pin sạc Ni-MH EN-MH2 (bán riêng), Bộ đổi điện AC EH-65A (bán riêng)</li>\n		<li>Kích thước:	96,4 x 59,4 x 28,9 mm</li>\n		<li>Khối Lượng:	160 g</li>\n		<li>Màu sắc	Đen, tím, bạc, xanh</li>		\n    </ul>', 8900000, 1, 3, 9, 32, 0, 2, '0000-00-00 00:00:00', 0, 'Trung Quốc'),
(22, 'Nikon Coolpix S100', 'assets\\images\\product\\22\\main_thumbs.jpg', 'phát huy khả năng chụp hình', '<ul>		\n		<li>Độ phân giải máy ảnh	16.0 megapixel</li>\n		<li>Bộ xử lý máy ảnh	-</li>\n		<li>Cảm biến hình ảnh	CCD loại 1/2,3 inch; tổng số điểm ảnh: khoảng 20,48 triệu</li>\n		<li>Ống kính 	NIKKOR</li>\n		<li>Tiêu cự	4,6-23,0 mm (góc xem tương đương với thấu kính 26-130 mm ở định dạng 35mm [135])</li>\n		<li>Khẩu độ	 f/3.2-6.5</li>\n		<li>Độ nhạy ISO	ISO 80-1600 ISO 3200 (khả dụng khi sử dụng Chế độ tự động)</li>\n		<li>Zoom quang học	5x</li>\n		<li>Zoom kỹ thuật số	4x</li>\n		<li>Màn hình 	Màn hình tinh thể lỏng TFT, khoảng 230 điểm k và điều chỉnh độ sáng 5 mức</li>\n		<li>Kích thước màn hình	2,8 inch</li>\n		<li>Cân bằng trắng	-</li>\n		<li>Quay phim 	HD 720p</li>\n		<li>Định dạng quay phim	WAV: AVI (Phù hợp JPEG chuyển động)</li>\n		<li>Bộ nhớ trong 	32 MB</li>\n		<li>Thẻ nhớ tương thích	SD/SDHC/SDXC</li>\n		<li>Cổng kết nối	AV, USB</li>\n		<li>Bộ cảm ứng hình ảnh 16 triệu điểm ảnh, rộng 3,5 inch vơí góc nhìn rộng sẽ cho hình ảnh rõ nét, độ tương phản cao</li>\n		<li>Một màn hình cảm ứng OLED tĩnh điện, 820 ngàn điểm chạm, màn hình rộng 3,5 inch ( WVGA đầy đủ ) với góc nhìn rộng cho ảnh thật và rõ, hiển thị sinh động các chi tiết sắc xảo</li>\n		<li>Góc nhìn 180° giúp nhìn rõ hơn trên màn hình hiển thị gần như mọi góc cạnh</li>\n		<li>Pin	Pin Sạc Li-ion EN-EL19</li>\n		<li>Kích thước:	89.8 x 60.4 x 17.8 mm</li>\n		<li>Khối Lượng:	110 g</li>\n		<li>Phụ kiện kèm theo	Dây Máy ảnh, Pin Sạc Li-ion EN-EL19, Bộ sạc điện AC EH-70P, Cáp USB UC-E6, CD ViewNX 2</li>\n		<li>Màu sắc	Đen, bạc, tím, đỏ</li>		\n    </ul>', 3999000, 1, 3, 9, 62, 0, 39, '0000-00-00 00:00:00', 0, 'Trung Quốc'),
(23, 'Nikon Coolpix S3700 Bạc', 'assets\\images\\product\\23\\main_thumbs.jpg', 'phát huy tất cả khả năng chụp', '<ul>		\n		<li>Độ phân giải máy ảnh	20.1 megapixel</li>\n		<li>Bộ xử lý máy ảnh	-</li>\n		<li>Cảm biến hình ảnh	CCD loại 1/2,3 inch; tổng số điểm ảnh: khoảng 20,48 triệu</li>\n		<li>Ống kính 	NIKKOR</li>\n		<li>Tiêu cự	4,6-23,0 mm (góc xem tương đương với thấu kính 26-130 mm ở định dạng 35mm [135])</li>\n		<li>Khẩu độ	 f/3.2-6.5</li>\n		<li>Độ nhạy ISO	ISO 80-1600 ISO 3200 (khả dụng khi sử dụng Chế độ tự động)</li>\n		<li>Zoom quang học	5x</li>\n		<li>Zoom kỹ thuật số	4x</li>\n		<li>Màn hình 	Màn hình tinh thể lỏng TFT, khoảng 230 điểm k và điều chỉnh độ sáng 5 mức</li>\n		<li>Kích thước màn hình	2,7 inch</li>\n		<li>Cân bằng trắng	-</li>\n		<li>Quay phim 	HD 720p</li>\n		<li>Định dạng quay phim	WAV: AVI (Phù hợp JPEG chuyển động)</li>\n		<li>Bộ nhớ trong 	25 MB</li>\n		<li>Thẻ nhớ tương thích	SD/SDHC/SDXC</li>\n		<li>Cổng kết nối	AV, USB</li>\n		<li>Pin	Pin Sạc Li-ion EN-EL19</li>\n		<li>Kích thước:	93.8 x 58.4 x 19.8 mm</li>\n		<li>Khối Lượng:	120 g</li>\n		<li>Phụ kiện kèm theo	Dây Máy ảnh, Pin Sạc Li-ion EN-EL19, Bộ sạc điện AC EH-70P, Cáp USB UC-E6, CD ViewNX 2</li>\n		<li>Màu sắc	Đen, bạc, tím</li>\n		<li>Tặng kèm thẻ nhớ 8Gb</li>\n		<li>Tặng kèm bao da</li>\n		<li>Kích thước màn hình (inch): 2.7</li>\n		<li>Zoom quang học: 8x</li>\n		<li>Pin: Lithium-Ion</li>\n		<li>Sản xuất tại Trung Quốc</li>\n		<li>Hãng sản xuất: Nikon Inc</li>\n		<li>Độ lớn màn hình LCD (inch): 2.7 inch</li>\n		<li>Megapixel (Số điểm ảnh hiệu dụng): 20 Megapixel</li>\n		<li>Độ phân giải ảnh lớn nhất: 5152 x 3864</li>\n		<li>Optical Zoom (Zoom quang): 8x</li>\n		<li>Digital Zoom (Zoom số): 4.0x</li>\n		<li>Tính năng: Wifi</li>\n		<li>Quay phim Full HD</li>\n		<li>Nhận dạng khuôn mặt</li>		\n    </ul>', 2949000, 1, 3, 9, 72, 0, 1, '0000-00-00 00:00:00', 0, 'Trung Quốc'),
(24, 'Nikon Coolpix S7000', 'assets\\images\\product\\24\\main_thumbs.jpg', 'sự thành công mĩ mãng', '<ul>		\n		<li>Bộ xử lý máy ảnh	-</li>	\n		<li>Tiêu cự	4,6-23,0 mm (góc xem tương đương với thấu kính 26-130 mm ở định dạng 35mm [135])</li>	\n		<li>Khẩu độ	 f/3.2-6.5</li>	\n		<li>Độ nhạy ISO	ISO 80-1600 ISO 3200 (khả dụng khi sử dụng Chế độ tự động)</li>	\n		<li>Zoom quang học	5x</li>	\n		<li>Zoom kỹ thuật số	4x</li>	\n		<li>Màn hình 	Màn hình tinh thể lỏng TFT, khoảng 230 điểm k và điều chỉnh độ sáng 5 mức</li>	\n		<li>Cảm biến hình ảnh</li>	\n		<li>Loại 1/2,3 inch, CMOS, Tổng số điểm ảnh: khoảng 16,76 triệu</li>	\n		<li>Thấu kính</li>	\n		<li>Thấu kính NIKKOR với thu phóng quang 20x</li>	\n		<li>Tiêu cự\n		4,5–, 90,0mm, (góc xem tương đương với thấu kính 25–500 mm ở định dạng 35mm [135])</li>	\n		<li>Độ mở ống kính tối đa\n		f/3,4, –6,5</li>	\n		<li>Cấu trúc</li>	\n		<li>12 thành phần bên trong, 10 nhóm, (1 thành phần ống kính ED)</li>	\n		<li>Độ phóng đại thu phóng kỹ thuật số</li>	\n		<li>Lên đến 4x (góc xem tương đương với thấu kính khoảng 2000 mm ở định dạng 35mm [135])</li>	\n		<li>Chống rung</li>	\n		<li>Chống Rung khi chuyển thấu kính (hình ảnh tĩnh), Chuyển thấu kính và Chống Rung điện tử (phim)</li>	\n		<li>Hệ thống lấy nét tự động</li>	\n		<li>Lấy nét tự động dò độ tương phản</li>	\n		<li>Phạm vi lấy nét</li>	\n		<li>Phụ kiện kèm theo	Dây Máy ảnh, Pin Sạc Li-ion EN-EL19, Bộ sạc điện AC EH-70P, Cáp USB UC-E6, CD ViewNX 2</li>	\n		<li>Màu sắc	Đen, bạc, tím</li>		\n    </ul>', 3950000, 1, 3, 9, 19, 0, 0, '0000-00-00 00:00:00', 0, 'Trung Quốc'),
(25, 'Nikon D3200 ', 'assets\\images\\product\\25\\main_thumbs.jpg', 'máy ảnh kế thừa sức mạnh', '<ul>		\n		<li>Độ phân giải camera (MP)	24.0</li>\n		<li>Bộ xử lý máy ảnh	-</li>\n		<li>Cảm biến CMOS APS-C Expeed 3 24MP</li>\n		<li>Màn hình LCD 3 inches</li>\n		<li>Ống kính 18-55mm f3.5-5.6G ED VR II</li>\n		<li>Quay phim Full HD</li>\n		<li>Sử dụng vi xử lý ảnh kép Dual Image Professors Expeed 3</li>\n		<li>Chế độ ngắm chụp trực tiếp Live view</li>\n		<li>Quay phim 	Full HD 1080p</li>\n		<li>Định dạng quay phim	MOV </li>\n		<li>Bộ nhớ trong 	59 MB</li>\n		<li>Thẻ nhớ tương thích	SD/SDHC/SDXC</li>\n		<li>Cổng kết nối	AV, USB, micro HDMI</li>\n		<li>Pin	pin alkaline LR6/L40 (cỡ AA), Pin lithium FR6/L91 (cỡ AA)</li>\n		<li>Kích thước:	111 x 75.8 x 91.2 mm </li>\n		<li>Khối Lượng:	508 g</li>\n		<li>Phụ kiện kèm theo	Dây Máy ảnh, pin alkaline LR6/L40 (cỡ AA) (x4)</li>\n		<li>Màu sắc	Đen</li>		\n    </ul>', 8500000, 2, 3, 10, 31, 0, 0, '0000-00-00 00:00:00', 0, 'Nhật Bản'),
(26, 'Nikon D5200 ', 'assets\\images\\product\\26\\main_thumbs.jpg', 'chất lượng tuyệt vời cho hình ảnh của bạn', '<ul>		\n		<li>Độ phân giải máy ảnh	24.1MP</li>\n		<li>Bộ xử lý máy ảnh	-</li>\n		<li>Cảm biến hình ảnh	CMOS loại 1/2,3 inch; tổng cộng khoảng 16,79 triệu điểm ảnh</li>\n		<li>Ống kính 	NIKKOR</li>\n		<li>Tiêu cự	4,0-136 mm (góc xem tương đương với thấu kính 22,5-765 mm ở định dạng 35mm [135])</li>\n		<li>Khẩu độ	f/3-5.9</li>\n		<li>Độ nhạy ISO	ISO 125-1600 ISO 3200 (khả dụng khi sử dụng Chế độ tự động)</li>\n		<li>Zoom quang học	34x</li>\n		<li>Zoom kỹ thuật số	4x</li>\n		<li>Màn hình 	Màn hình tinh thể lỏng TFT, hoảng 921 điểm k (RGBW), góc xem rộng với lớp phủ chống phản chiếu và điều chỉnh độ sáng 6 mức, có thể nghiêng xuống khoảng 85°, nghiêng lên khoảng 90°</li>\n		<li>Kích thước màn hình	3 inch</li>\n		<li>Cân bằng trắng	-</li>\n		<li>Quay phim 	Full HD 1080p</li>\n		<li>Định dạng quay phim	MOV </li>\n		<li>Bộ nhớ trong 	59 MB</li>\n		<li>Thẻ nhớ tương thích	SD/SDHC/SDXC</li>\n		<li>Cổng kết nối	AV, USB, micro HDMI</li>\n		<li>Màn hình 3inch</li>\n		<li>Dung lượng thẻ nhớ 8GB</li>\n		<li>Sản xuất tại Thái Lan</li>\n		<li>Màu sắc	Đen</li>		\n    </ul>', 12500000, 2, 3, 10, 44, 0, 1, '0000-00-00 00:00:00', 0, 'Nhật Bản'),
(27, 'Nikon D5300', 'assets\\images\\product\\27\\main_thumbs.jpg', 'máy ảnh kế thừa tri tuệ cao ', '<ul>		\n		<li>Độ phân giải máy ảnh	16 megapixel</li>\n		<li>Bộ xử lý máy ảnh	-</li>\n		<li>Cảm biến hình ảnh	CMOS loại 1/2,3 inch; tổng cộng khoảng 16,79 triệu điểm ảnh</li>\n		<li>Ống kính 	NIKKOR</li>\n		<li>Tiêu cự	4,0-136 mm (góc xem tương đương với thấu kính 22,5-765 mm ở định dạng 35mm [135])</li>\n		<li>Khẩu độ	f/3-5.9</li>\n		<li>Độ nhạy ISO	ISO 125-1600 ISO 3200 (khả dụng khi sử dụng Chế độ tự động)</li>\n		<li>Zoom quang học	34x</li>\n		<li>Zoom kỹ thuật số	4x</li>\n		<li>Màn hình 	Màn hình tinh thể lỏng TFT, hoảng 921 điểm k (RGBW), góc xem rộng với lớp phủ chống phản chiếu và điều chỉnh độ sáng 6 mức, có thể nghiêng xuống khoảng 85°, nghiêng lên khoảng 90°</li>\n		<li>Kích thước màn hình	3 inch</li>\n		<li>Cân bằng trắng	-</li>\n		<li>Quay phim 	Full HD 1080p</li>\n		<li>Định dạng quay phim	MOV </li>\n		<li>Bộ nhớ trong 	59 MB</li>\n		<li>Thẻ nhớ tương thích	SD/SDHC/SDXC</li>\n		<li>Cổng kết nối	AV, USB, micro HDMI</li>\n		<li>Pin	pin alkaline LR6/L40 (cỡ AA), Pin lithium FR6/L91 (cỡ AA)</li>\n		<li>Kích thước:	111 x 75.8 x 91.2 mm </li>\n		<li>Khối Lượng:	508 g</li>\n		<li>Phụ kiện kèm theo	Dây Máy ảnh, pin alkaline LR6/L40 (cỡ AA) (x4), Nắp Thấu kính LC-CP28 (có dây), Cáp USB UC-E16</li>\n		<li>Màu sắc	Đen</li>		\n    </ul>', 17500000, 2, 3, 10, 23, 0, 0, '0000-00-00 00:00:00', 0, 'Nhật Bản'),
(28, 'Nikon D7100', 'assets\\images\\product\\28\\main_thumbs.jpg', 'hãy chụp theo cách của bạn ', '<ul>		\n		<li>Độ phân giải máy ảnh	24 megapixel</li>\n		<li>Bộ xử lý máy ảnh	-</li>\n		<li>Cảm biến hình ảnh	CMOS loại 1/2,3 inch; tổng cộng khoảng 16,79 triệu điểm ảnh</li>\n		<li>Ống kính 	NIKKOR</li>\n		<li>Tiêu cự	4,0-136 mm (góc xem tương đương với thấu kính 22,5-765 mm ở định dạng 35mm [135])</li>\n		<li>Khẩu độ	f/3-5.9</li>\n		<li>Độ nhạy ISO	ISO 125-1600 ISO 3200 (khả dụng khi sử dụng Chế độ tự động)</li>\n		<li>Zoom quang học	34x</li>\n		<li>Zoom kỹ thuật số	4x</li>\n		<li>Màn hình 	Màn hình tinh thể lỏng TFT, hoảng 921 điểm k (RGBW), góc xem rộng với lớp phủ chống phản chiếu và điều chỉnh độ sáng 6 mức, có thể nghiêng xuống khoảng 85°, nghiêng lên khoảng 90°</li>\n		<li>Kích thước màn hình	3 inch</li>\n		<li>Cân bằng trắng	-</li>\n		<li>bảo hànhCảm biến 18.0MP</li>\n		<li>Hệ thống lấy nét theo pha 9 điểm</li>\n		<li>Bộ xử lý ảnh Digic 5</li>\n		<li>ISO 100 - 12800 (có thể mở rộng đến 25600)</li>\n		<li>Đo sáng 63 vùng</li>\n		<li>Kèm ống EF-S 18-55mm f/3.5-5.6 IS STM</li>\n		<li>Màn hình cảm ứng LCD 3" lật xoay</li>\n		<li>Quay phim Full HD 1080p</li>\n		<li>Màu sắc	Đen</li>		\n    </ul>', 20499000, 2, 3, 10, 23, 0, 0, '0000-00-00 00:00:00', 0, 'Nhật Bản');
INSERT INTO `products` (`ProID`, `ProName`, `URL`, `TinyDes`, `FullDes`, `Price`, `CatID`, `ManufacturerID`, `SeriesID`, `Quantity`, `Bought`, `Viewed`, `UploadDate`, `IsRemoved`, `MadeIn`) VALUES
(29, 'Fujifilm Instax Mini 8', 'assets\\images\\product\\29\\main_thumbs.jpg', 'sở hữu một vẻ ngoài trẻ trung, thú vị.', '<ul>		\n		<li>Độ phân giải camera (MP)	1.3</li>	\n		<li>Model	Instax Mini 8</li>	\n		<li>Zoom quang	1.0</li>	\n		<li>Kích thước sản phẩm (D x R x C cm)	11.6 x 11.8 x 6.8</li>	\n		<li>Bảo hành	12 tháng bằng thẻ bảo hành</li>	\n		<li>Trọng lượng (KG)	0.3</li>	\n		<li>Sản xuất tại	Trung Quốc, Mỹ, Thái Lan, Malaysia, Mexico, Indonesiai)</li>	\n		<li>TÍNH NĂNG NỔI BẬT</li>	\n		<li>Sử dụng đơn giản</li>	\n		<li>Không cần phải mất quá nhiều thời gian để canh chỉnh thông số kỹ thuật như các dòng máy hiện đại, tất cả những gì bạn cần làm là mở nút nguồn lên, chỉnh chế độ chụp (trong nhà, ánh sáng mạnh, trời nhiều mây hay nắng nhẹ) và bấm nút, vậy là trong nháy mắt, ảnh của bạn đã xuất hiện. Thật đơn giản phải không nào. Bên cạnh đó, Instax Mini 8 còn có đèn flash để các bức ảnh chụp trong điều kiện thiếu sáng được rõ nét hơn (Flash tốt nhất trong khoảng chụp 0.6-2.7m). Máy sử dụng 2 pin tiểu AA, phim 10 tấm có thể mua dễ dàng ở ngoài tiệm.</li>	\n		<li>Chất lượng ảnh chụp tốt</li>	\n		<li>Sau khi máy xuất ảnh ra, bạn hãy đợi thêm khoảng 1-2 phút cho hình được hiện lên rõ nét. Ảnh có kích thước 62x46mm, thuộc dạng bưu ảnh (postcard), là một trào lưu ảnh du lịch vốn đang rất được giới trẻ ưa chuộng. Điểm nổi bật là Instax Mini 8 cho những tấm ảnh màu sắc sống động, ít bị nhòe, mờ. Đừng bỏ lỡ bất cứ giây phút quý giá, hài hước nào của người mà bạn quý mến hay cảnh sắc thiên nhiên quanh mình. Bạn nghĩ sao nếu ảnh của mình trở thành món quà ý nghĩa cho ai đó?</li>	\n	</ul>', 1999000, 3, 2, 2, 32, 0, 1, '0000-00-00 00:00:00', 0, 'Trung Quốc'),
(30, 'Fujifilm Instax Mini 25', 'assets\\images\\product\\30\\main_thumbs.jpg', 'thỏa sức trải nghiệm niềm đam mê chụp ảnh', '<ul>		\n		<li>Độ phân giải: 2.0 MP\n		<li>Chip xử lý: APS-C CMOS</li>\n		<li>Ống kính: 16-50mm F3.5-5.6</li>\n		<li>ISO: 100 - 25600</li>\n		<li>Tốc độ chụp: 1/4000s</li>\n		<li>Chụp liên tục: 5 tấm/giây</li>\n		<li>Quay phim: Full HD 1080p</li>\n		<li>Màn hình: LCD 3.0" Xoay 180 độ</li>\n		<li>Chống rung: quang học</li>\n		<li>Hiệu ứng hình ảnh: Smart Auto, Beauty shot, Live Panorama, Action Freeze</li>\n		<li>Pin: Lithium</li>\n		<li>Màu: Đen, trắng</li>	\n	</ul>', 2839000, 3, 2, 2, 29, 0, 3, '0000-00-00 00:00:00', 0, 'Trung Quốc'),
(31, 'Fujifilm Intax Mini 50s ', 'assets\\images\\product\\31\\main_thumbs.jpg', 'trong tích tắc ảnh của bạn sẽ hiện ra hết sức đẹp mắt và ngoạn mục', '<ul>		\n		<li>Độ phân giải: 2.3 MP</li>	\n		<li>Chip xử lý: APS-C CMOS Lấy nét lai</li>	\n		<li>Ống kính góc rộng: 18-55mm F3.5</li>	\n		<li>ISO: 100 - 25600</li>	\n		<li>Tốc độ chụp: 1/8000s</li>	\n		<li>Chụp liên tục: 9 tấm/giây</li>	\n		<li>Quay phim: Full HD 1080p</li>	\n		<li>Màn hình: Amoled 3.0" cảm ứng Xoay 180 độ</li>	\n		<li>Chống rung: quang học</li>	\n		<li>Hiệu ứng hình ảnh: Smart Auto, Beauty shot, Live Panorama, Action Freeze</li>	\n		<li>Pin: Lithium</li>	\n		<li>Màu: trắng</li>	\n	</ul>', 3279000, 3, 2, 2, 41, 0, 0, '0000-00-00 00:00:00', 0, 'Trung Quốc'),
(32, 'Fujifilm Instax Wide 300', 'assets\\images\\product\\32\\main_thumbs.jpg', '1 trong những dòng máy chụp ra ảnh luôn mới nhất mà Fujifilm mang đến cho các bạn', '<ul>		\n		<li>Độ phân giải: 2.5 MP</li>	\n		<li>Chip xử lý: 1 inch BSI CMOS</li>	\n		<li>Ống kính góc rộng: 9mm F3.5</li>	\n		<li>ISO: 100 - 25600</li>	\n		<li>Tốc độ chụp: 1/16000s</li>	\n		<li>Chụp liên tục: 6 tấm/giây</li>	\n		<li>Quay phim: Full HD 1080p</li>	\n		<li>Màn hình: TFT LCD 3.0" cảm ứng Xoay 180 độ</li>	\n		<li>Chống rung: quang học</li>	\n		<li>Số lượng Film: 10 kiểu </li>	\n		<li>Độ nhạy sáng: ISO 800 </li>	\n		<li>Size ảnh: 8,6 x 5,4 cm </li>	\n		<li>Thích hợp cho những máy như Mini 7s, 25, 50s và mini 8</li>	\n		<li>Hiệu ứng hình ảnh: Beauty Face, Best Face, Landscape, Macro, Action Freeze, Rich Tone, Panorama, Waterfall, Silhouette, Sunset, Night, Firework, Light Trace, Continuous Shot, Kids Shot, Food, Parties and Indoors</li>	\n		<li>Pin: Lithium</li>	\n		<li>Màu: Đen, trắng, hồng, xanh ngọc</li>	\n	</ul>', 3249000, 3, 2, 3, 34, 0, 2, '0000-00-00 00:00:00', 0, 'Trung Quốc'),
(33, 'Fujifilm Instax 90', 'assets\\images\\product\\33\\main_thumbs.jpg', 'làm mê đắm những người hâm mộ ngay từ cái nhìn đầu tiên', '<ul>		\n		<li>Độ phân giải: 3.2 MP</li>\n		<li>Chip xử lý: CCD</li>\n		<li>Zoom quang học: 12X</li>\n		<li>Ống kính góc rộng: 24mm F3.1 with Soft Flash</li>\n		<li>ISO: 80 - 3200</li>\n		<li>Quay phim: HD 720p</li>\n		<li>Màn hình: 3.0"</li>\n		<li>Chống rung: quang học</li>\n		<li>Hiệu ứng hình ảnh: Smart Auto, Beauty shot, Live Panorama, Action Freeze</li>\n		<li>Pin: Lithium</li>\n		<li>Màu: Đen, Trắng</li>\n		<li>iữ trọn cảm xúc</li>\n		<li>Máy chụp ảnh lấy ngay Fujifilm Instax Mini 90 Neo Classic có tốc độ màn trập trên máy cao nhất đạt được là 1/400 giây. Không chỉ vậy, máy còn có thiết kế sẵn một nút nguồn kiêm nút chụp ảnh ở phía trước nhằm giúp người dùng có thể lưu giữ ngay những hình ảnh mình muốn trong các tình huống bất ngờ. Sau khi máy xuất ảnh ra, bạn chỉ cần đợi khoảng 1-2 phút cho hình được hiện lên rõ nét. Với kích thước chỉ 62 x 46mm, tương tự như một tấm bưu thiếp xinh xắn, ảnh của máy chụp ảnh lấy ngay Fujifilm Instax Mini 90 Neo Classic là một cách tuyệt vời để bạn nâng niu và chia sẻ cảm xúc với bạn bè, người thân.</li>	\n	</ul>', 3900000, 3, 2, 2, 34, 0, 2, '0000-00-00 00:00:00', 0, 'Trung Quốc'),
(34, 'Lomo Instant Sanremo Edition', 'assets\\images\\product\\34\\main_thumbs.jpg', ' nói lên tính cách của bạn', '<ul>		\n		<li>Độ phân giải: 3.3 MP</li>\n		<li>Chip xử lý: BSI CMOS</li>\n		<li>Zoom quang học: 21X</li>\n		<li>Ống kính góc rộng: 23mm F2.8</li>\n		<li>ISO: 80 - 3200</li>\n		<li>Quay phim: Full HD 1080p</li>\n		<li>Màn hình: 3.0" cảm ứng</li>\n		<li>Chống rung: quang học</li>\n		<li>Hiệu ứng hình ảnh: Smart Auto, Beauty shot, Live Panorama, Action Freeze</li>\n		<li>Pin: Lithium</li>\n		<li>Màu: Nâu, Trắng</li>	\n	</ul>', 4790000, 3, 2, 4, 10, 0, 1, '0000-00-00 00:00:00', 0, 'Hàn Quốc'),
(35, 'Fujifilm X Pro1', 'assets\\images\\product\\35\\main_thumbs.jpg', 'Fujifilm X-Pro 1 trở nên vô cùng hấp dẫn và đáng để chọn lựa.', '<ul>		\n		<li>Độ phân giải: 16.3 MP</li>\n	<li>Kích thước sản phẩm (D x R x C cm)	16 x 10 x 6</li>\n	<li>Bảo hành	Bảo hành trong 24 tháng bằng hình thức Phiếu bảo hành</li>\n	<li>Trọng lượng (KG)	0.98</li>\n	<li>Model	Fujifilm X-Pro1 16.3MP w Lens kit 18-55mm Black</li>\n	<li>DisplaySize: 3</li>\n	<li>BatteryType: Lithium-Ion</li>\n	<li>DisplaySize: Wifi, USB</li>\n	<li>Warranty: Sản phẩm bảo hành trong 24 tháng bằng hình thức Phiếu bảo hành</li>\n	<li>Made in (Sản xuất tại): Trung Quốc</li>\n	<li>Fujifilm X-Pro 1 là chiếc máy ảnh không gương lật đầu tiên của Fujifilm, gây ấn tượng không chỉ bởi thiết kế hoài cổ đang rất được ưa chuộng hiện nay mà còn bởi cấu hình mạnh mẽ bên trong. Cụ thể, máy được trang bị cảm biến APS-C 16.3MP, vi xử lý EXR Processor Pro cùng công nghệ lấy nét tiên tiến. Máy có thiết kế khá độc đáo với các phím bấm, cổng kết nối và khung ngắm được sắp xếp khéo léo để hỗ trợ người dùng một cách thuận tiện nhất. Bên cạnh đó, các chế độ chụp ảnh đa dạng cũng được đưa vào máy, khiến Fujifilm X-Pro 1 trở nên vô cùng hấp dẫn và đáng để chọn lựa.\n	</li>	\n	</ul>', 34250000, 4, 2, 1, 12, 0, 6, '0000-00-00 00:00:00', 0, 'Trung Quốc'),
(36, 'Fujifilm X T1', 'assets\\images\\product\\36\\main_thumbs.jpg', 'Mang lại chất lượng ảnh làm hài lòng khách hàng và độ gọn nhẹ đáng kể.', '<ul>		\n		<li>Cảm biến (APS-C) X-Trans CMOS II 16.3MP</li>	\n		<li>Quay phim Full HD</li>	\n		<li>Màn hình LCD 3</li>	\n		<li>Vi xử lý ảnh Exmor Processor II</li>	\n		<li>ISO Auto – 6400 (có thể mở rộng đến 51200</li>	\n		<li>Thiết kế sang trọng; nhỏ gọn</li>	\n		<li>Có thể trang bị thêm grip; flash rời; bao da cho máy</li>	\n		<li>Xuất xứ Nhật Bản</li>	\n		<li>Bảo hành 24 tháng+TÍNH NĂNG NỔI BẬT</li>	\n		<li>Thiết kế mang nhiều cải tiến</li>	\n		<li>Hiện nay, không ít máy ảnh kỹ thuật số mang thiết kế của dòng máy chụp film rất thịnh hành vào thế kỷ 19, 20. Chiếc máy Fujifilm X-T1 cũng không phải ngoại lệ với thân mỏng, các đường nét vuông vức đơn giản, thanh thoát. Tuy nhiên, máy vẫn sở hữu một số nét khác biệt dễ nhận thấy trong thiết kế. Đó là vỏ máy có cấu trúc nhám giúp hạn chế bám vân tay, giảm trầy xước máy. Bên cạnh đó, phần báng cầm tay được mở rộng, tạo độ thoải mái và chắc chắn trong lúc chụp.</li>	\n	</ul>', 33480000, 4, 2, 1, 22, 0, 2, '0000-00-00 00:00:00', 0, 'Hàn Quốc'),
(37, 'FujiFilm X E2', 'assets\\images\\product\\37\\main_thumbs.jpg', 'Fuji đã giành được tín nhiệm rất lớn từ các nhiếp ảnh gia vớidòng máy ảnh “X –“.', '                        <ul>		\r\n		<li>Ngàm ống kính X-mount</li>\r\n		<li>Cảm biến ảnh CMOS X-Trans II 16.3 MP</li>\r\n		<li>ISO 100 - 25.600</li>\r\n		<li>Màn hình LCD 3" độ phân giải 1.040.000 điểm ảnh</li>\r\n		<li>Kính ngắm EVF OLED 2.36 triệu điểm ảnh</li>\r\n		<li>Lấy nét kết hợp Contrast AF và Phase Detection</li>\r\n		<li>Tốc độ màn trập 1/4000 giây; chụp liên tiếp 7 fps; hoặc 3 fps chế độ continuous.</li>\r\n		<li>Hiệu suất</li>\r\n		<li>Cho đến nay chúng tôi chỉ có thể sử dụng một mẫu tiền sản xuất của Fuji X -E2 vì vậy chúng tôi không thể bình luận chắc chắn về chất lượng của hình ảnh mà nó tạo ra. Tuy nhiên , máy ảnh này đã được lựa chọn rất kỹ nên chúng tôi có thể khẳng định nó tạo ra kết quả tốt.</li>\r\n		<li>Cảm biến và bộ xử lý đều đã được thấy trước đây trong các X100 hoạt động tốt, cân bằng trắng và hệ thống đo lường của Fuji trước đây cũng đã hoạt động tốt. Tương tự như vậy, chưa tìm được điểm yếu của ống kính Fuji.\r\n		</li>	\r\n	</ul>                    ', 11388000, 2, 2, 1, 50, 0, 0, '0000-00-00 00:00:00', 0, 'Hàn Quốc'),
(38, 'Fujifilm X-T10', 'assets\\images\\product\\38\\main_thumbs.jpg', 'Fujifilm X-T10 Tích hợp cảm biến 16.3 MP APS-C X-Trans CMOS Sensor II', '<ul>		\n		<li>Tích hợp cảm biến 16.3 MP APS-C X-Trans CMOS Sensor II</li>\n		<li>Hệ thống kính ngắm điện tử tiên tiến</li>\n		<li>Quay phim Full HD 1080p</li>\n		<li>Kết nối Wifi không dây; chia sẻ nhanh chóng với các thiết bị di động</li>\n		<li>Xuất xứ Thái Lan</li>\n		<li>An RAW converter trong máy ảnh cho phép bạn ghi lại hình ảnh của bạn như tập tin RAF và xử lý chúng trước khi làm thủ tục chỉnh sửa dựa trên máy tính. Quá trình này cho phép bạn chỉnh sửa độ phơi sáng, cân bằng trắng, và điều khiển khác trực tiếp thông qua giao diện menu.</li>\n		<li>Chụp Interval là có thể với khoảng thời gian 1 giây đến 24 giờ cho lên đến 999 khung hình.</li>\n		<li>Nhiều chế độ phơi sáng cho bạn khả năng để che phủ hình ảnh trong máy ảnh. Khi làm việc ở chế độ này, tiếp xúc tiếp theo có thể được ghép với nhau và kết quả cuối cùng có thể được xem trước trên màn hình LCD hoặc trong EVF trước khi tiếp xúc với thức.</li>\n		<li>Một chế độ Panorama chuyên dụng cho phép bạn ghi lại quan điểm mở rộng hoặc 180 ° hoặc 120 ° rộng trong một cách sâu rộng liền mạch.</li>\n		<li>Năm chế độ tự động bracketing khác nhau có sẵn: Dynamic Range, Film Simulation, AE, cân bằng trắng, ISO Sensitivity.</li>\n		<li>Bao gồm pin NP-W126 cho phép khoảng 350 khung hình để được ghi nhận mỗi lần sạc.</li>	\n	</ul>', 19499000, 2, 2, 1, 18, 0, 0, '0000-00-00 00:00:00', 0, 'Trung Quốc'),
(39, 'Fujifilm X30', 'assets\\images\\product\\39\\main_thumbs.jpg', 'Fujifilm X30 được trang bị cảm biến 12MP X-Trans CMOS II, bộ xử lý EXR II, màn hình LCD 3.0 inch lin', '<ul>		\n		<li>Sau nhiều tin đồn, Fujifilm đã lên kế hoạch trình làng mẫu máy ảnh mới mang tên Fujifilm X30. Đây chính là phiên bản nâng cấp của chiếc Fujifilm X20 được giới thiệu vào tháng 1 năm ngoái. Fujifilm X30 hứa hẹn sẽ mang đến những cải tiến mới cả về thiết kế lẫn cấu hình so với đàn anh của mình.</li>	\n		<li>Về thiết kế, X30 vẫn thừa hưởng kiểu dáng "Classic Chrome" từ X20 nhưng với trọng lượng 423 g và kích thước 119 x 72 x 60 mm, lớn hơn một chút so với X20. Ấn tượng đầu tiên đối với chiếc máy này chính là sự hoài cổ, mạnh mẽ và cao cấp. Các chi tiết được bố trí rất hợp lý để tối ưu thao tác người dùng. Ngoài ra, báng cầm tay rộng, bề mặt sần cho cảm giác cầm chắc tay và thao tác chỉ với 1 tay dễ dàng. Máy được giới thiệu với 2 phiên bản màu đen và bạc.</li>	\n		<li>Kích thước sản phẩm (D x R x C cm)	30x30x20</li>	\n		<li>Bảo hành	Bảo Hành 24 Tháng chính hãng Fujifilm Việt Nam</li>	\n		<li>Trọng lượng (KG)	0.5</li>			\n	</ul>', 10490000, 1, 2, 1, 28, 0, 0, '0000-00-00 00:00:00', 0, 'Trung Quốc'),
(40, 'Fujifilm X100S', 'assets\\images\\product\\40\\main_thumbs.jpg', 'đối thủ đáng gờm cho các dòng máy', '<ul>		\n		<li>Kiểu máy	Cao cấp</li>	\n		<li>Độ phân giải	16.3 megapixels</li>	\n		<li>Định dạng cảm biến	CMOS EXR II</li>	\n		<li>Kích thước cảm biến	APS-C (23.6 x 15.8 mm)</li>	\n		<li>Zoom quang	1×</li>	\n		<li>Zoom số	Không</li>	\n		<li>Dải tiêu cự	N/A</li>	\n		<li>Độ mở ống kính	F2.0</li>	\n		<li>Độ nhạy sáng ISO	Auto (ISO 200 - 6400), ISO 100, 12800 and 25600</li>	\n		<li>Chống rung	Có</li>	\n		<li>Lấy nét tự động	Có</li>	\n		<li>Lấy nét tay	Có</li>	\n		<li>Chế độ Marco	10 cm (3.94″)</li>	\n		<li>Tốc độ chập nhỏ nhất	30s</li>	\n		<li>Tốc độ chập lớn nhất	1/4000 sec</li>	\n		<li>Đèn flash trong	Có</li>	\n		<li>Khoảng hoạt động của đèn	9 m</li>	\n		<li>Đèn flash ngoài	Có hỗ trợ</li>	\n		<li>Chế độ bù sáng	±2 (at 1/3 EV steps)</li>	\n		<li>Chế độ đo sáng	Multi Average Spot</li>	\n		<li>Chế độ ưu tiên khẩu độ	Có</li>	\n		<li>Chế độ ưu tiên độ chập	Có</li>	\n		<li>Ống kính tương thích	Không</li>	\n		<li>Tốc độ chụp liên tục	6 hình/s</li>	\n		<li>Chế độ quay phim	Full HD 1920 x 1080 (60, 30, 25, 24 fps)</li>	\n		<li>Định dạng thẻ nhớ	SD/SDHC/SDXC</li>	\n		<li>Bộ nhớ trong	Không</li>	\n		<li>Định dạng file ảnh thô	H.264</li>	\n		<li>Khe ngắm quang học	Có (Đô. bao phủ 90%)</li>	\n		<li>Kích thước màn hình LCD	2.8 "</li>	\n		<li>Độ phân giải màn hình LCD	460,000 điểm ảnh</li>	\n		<li>Chế độ ngắm ảnh sống	Có</li>	\n		<li>Kiểu pin	Lithium-Ion NP-95 rechargeable battery & charger</li>	\n	</ul>', 25000000, 1, 2, 1, 8, 0, 0, '0000-00-00 00:00:00', 0, 'Trung Quốc'),
(41, 'Fujifilm XF1', 'assets\\images\\product\\41\\main_thumbs.jpg', 'máy ảnh kế thừa sức mạnh cực khủng', '<ul>		\n			<li>DisplaySize: 3</li>	\n			<li>OpticalZoom: 4</li>	\n			<li>Megapixels: 12</li>	\n			<li>BatteryType: Li-ion NP-50A</li>	\n\n			<li>- Máy ảnh Fujifilm dòng X cao cấp thế hệ 2012</li>	\n\n			<li>- Thiết kế quyến rũ tinh tế mang phong cách cổ điển</li>	\n\n			<li>- Cảm biến EXR CMOS 2/3" độ phân giải 12.0 Mps</li>	\n\n			<li>- Ống kính Fujinon 25-100mm độ mở lớn tới f1.8</li>	\n\n			<li>- Tốc độ chụp liên tục lên tới 10 hình/s, ISO tới 12.800</li>	\n\n			<li>- Hỗ trợ định dạng RAW với các chế độ chuyên nghiệp</li>	\n\n			<li>- Quay phim FullHD 1920*1080, chụp Panorama 360°</li>	\n\n			<li>- Màn hình chống xước 3" độ phân giải 460.000 điểm</li>	\n\n			<li>Kích thước sản phẩm (D x R x C cm)	11 x 6 x 4</li>	\n			<li>Bảo hành	Bảo hành trong 24 tháng bằng hình thức Phiếu bảo hành</li>	\n			<li>Trọng lượng (KG)	0.26</li>			\n		</ul>', 7900000, 1, 2, 1, 48, 0, 0, '0000-00-00 00:00:00', 0, 'Trung Quốc'),
(42, 'Fujifilm XQ2', 'assets\\images\\product\\42\\main_thumbs.jpg', 'máy ảnh kế thừa tất cả tinh tuý ', '<ul>		\n			<li>Megapixel 12 megapixel</li>			\n			<li>Độ lớn màn hình 3 inch</li>			\n			<li>Trọng lượng 206 gram</li>			\n			<li>Loại ống kính Ống kính zoom quang học 4x FujinonTặng thẻ 8GB + Ba lô Babolat (áp dụng từ 01/7/2015 đến 30/9/2016)</li>			\n			<li>Helvetica</li>			\n			<li>sans-serif; color: rgb(18</li>			\n			<li>Màu sắc	Đen</li>			\n			<li>Khẩu độ F1.8 (Wide) - F4.9 (Telephoto)</li>			\n			<li>Cảm biến hình ảnh Độ nhạy sáng (ISO)	100 / 200 / 250 / 320 / 400 / 500 / 640 / 800 / 1000 / 1250 / 1600 / 2000 / 2500 / 3200 / 4000 / 5000 / 6400 / 12800</li>			\n			<li>Độ dài tiêu cự (Focal Length)	f = 6.4 - 25.6mm, tương đương 25 - 100mm trên một định dạng 35mm</li>			\n			<li>Tốc độ chụp (Shutter Speed)	30-1/4000</li>			\n			<li>Tự động lấy nét (AF)	</li>			\n			<li>Optical Zoom (Zoom quang)	16x</li>			\n			<li>Digital Zoom (Zoom số)	4x</li>			\n			<li>Thông số khác</li>			\n			<li>Định dạng File ảnh	jPEG (Exif Ver 2.3) * 2, RAW (định dạng RAF), RAW + JPEG</li>			\n			<li>Định dạng File phim	Movie File Format: MOV Movie Video Compression: H.264 Audio: Linear PCM Stereo</li>			\n			<li>Chuẩn giao tiếp	USB 2.0-Micro HDMI</li>			\n		</ul>', 7200000, 1, 2, 1, 54, 0, 346, '0000-00-00 00:00:00', 0, 'Trung Quốc');

-- --------------------------------------------------------

--
-- Table structure for table `series`
--

DROP TABLE IF EXISTS `series`;
CREATE TABLE IF NOT EXISTS `series` (
  `SeriesID` int(11) NOT NULL AUTO_INCREMENT,
  `SeriesName` varchar(15) COLLATE utf8_unicode_ci NOT NULL,
  `ManufacturerID` int(15) DEFAULT NULL,
  `IsRemoved` tinyint(1) NOT NULL DEFAULT '0',
  PRIMARY KEY (`SeriesID`),
  KEY `fk_series_manufacturer` (`ManufacturerID`)
) ENGINE=InnoDB  DEFAULT CHARSET=utf8 COLLATE=utf8_unicode_ci AUTO_INCREMENT=15 ;

--
-- Dumping data for table `series`
--

INSERT INTO `series` (`SeriesID`, `SeriesName`, `ManufacturerID`, `IsRemoved`) VALUES
(1, 'X', 2, 0),
(2, 'Mini', 2, 0),
(3, 'Wide', 2, 0),
(4, 'Lomo', 2, 0),
(5, 'EOS', 1, 0),
(6, 'Ixus', 1, 0),
(7, 'ELPH', 1, 0),
(8, 'Powershot', 1, 0),
(9, 'Coolpix', 3, 0),
(10, 'D', 3, 0),
(11, 'Alpha', 4, 0),
(12, 'Cybershot-DSC', 4, 0),
(13, 'ILCE', 4, 0),
(14, 'SLT', 4, 0);

-- --------------------------------------------------------

--
-- Table structure for table `users`
--

DROP TABLE IF EXISTS `users`;
CREATE TABLE IF NOT EXISTS `users` (
  `ID` int(11) NOT NULL AUTO_INCREMENT,
  `Username` varchar(50) COLLATE utf8_unicode_ci NOT NULL,
  `Password` varchar(255) COLLATE utf8_unicode_ci NOT NULL,
  `FirstName` varchar(50) COLLATE utf8_unicode_ci NOT NULL,
  `LastName` varchar(50) COLLATE utf8_unicode_ci NOT NULL,
  `Email` varchar(50) COLLATE utf8_unicode_ci NOT NULL,
  `PhoneNumber` varchar(50) COLLATE utf8_unicode_ci NOT NULL,
  `Address` varchar(100) COLLATE utf8_unicode_ci DEFAULT NULL,
  `Permission` int(11) NOT NULL,
  PRIMARY KEY (`ID`)
) ENGINE=InnoDB  DEFAULT CHARSET=utf8 COLLATE=utf8_unicode_ci AUTO_INCREMENT=31 ;

--
-- Dumping data for table `users`
--

INSERT INTO `users` (`ID`, `Username`, `Password`, `FirstName`, `LastName`, `Email`, `PhoneNumber`, `Address`, `Permission`) VALUES
(2, 'admin', '0192023a7bbd73250516f069df18b500', 'admin', 'admin', 'admin@yahoo.com', '0937333317', 'Tổ 2 - Khu phố 9 - Thị trấn Đức Tài - Đức Linh - Bình Thuận', 1),
(4, 'testuser', '5d9c68c6c50ed3d02a2fcf54f63993b6', 'asdsad', 'sdasd', 'sad@yahoo.com', '02223465465', 'sadsad', 0),
(6, 'sadsad', 'b447c27a00e3a348881b0030177000cd', 'sadsad', 'sadsad', 'sadsad@yahoo.com', '5464987897', 'asdasd', 0),
(7, 'testuser1', '41da76f0fc3ec62a6939e634bfb6a342', 'asd', 'asd', 'sad@yahoo.com', '6464568789', 'sdasd', 0),
(8, 'testuser2', '58dd024d49e1d1b83a5d307f09f32734', 'asf', 'sd', 'asd@yahoo.com', '84654564564', 'asd', 0),
(9, 'testuser3', '1e4332f65a7a921075fbfb92c7c60cce', 'asd', 'sd', 'sadsad@yahoo.com', '6545641321', 'asd', 0),
(10, 'testuser4', '8147e2c0496d91393d3c270a5c38ed61', 'asd', 'sad', 'asd@yahoo.com', '6545643123', 'sad', 0),
(11, 'testuser5', '16de10fc1a6e97be104b98149c59be61', 'asd', 'sad', 'ad@yahoo.com', '4564564', 'sad', 0),
(12, 'testuser6', '9eb9c70d8cc74fd724eacf72baccbda9', 'asd', 'dasd', 'asds@yahoo.com', '095454678', 'asd', 0),
(13, 'testuser7', '9a936f54cefff8139ebafd21984efcf4', 'asd', 'asd', 'sadas@yahoo.com', '897894654', 'sadsa', 0),
(14, 'testuser8', 'c0e0dc6fd8199002cd63457be98d49a9', 'asd', 'asd', 'asdsad@yahoo.com', '465465454', 'asd', 0),
(15, 'testuser9', '0201fef79e1e459199ec8e59316f0ebe', 'asd', 'asd', 'asdsa@yahoo.com', '4564564564', 'sad', 0),
(16, 'testuser10', '6ec4eb9b0c42da2985e0539358298001', 'asd', 'ad', 'asd@yahoo.com', '546545645645', 'asd', 0),
(17, 'testuser11', '3c3571abd4c0c48e2d037b97ea918c83', 'asd', 'ad', 'sd@yaho.com', '54564564564', 'sd', 0),
(18, 'testuser12', 'b8bf28e69d5696a045bb3fbb66833d70', 'asd', 'as', 'as@yahoo.com', '5464654564', 'sad', 0),
(19, 'testuser13', 'df5c506ae67ecaff7656a8f86e546988', 'ds', 'asd', 'asd@yahoo.com', '465456465456', 'asd', 0),
(20, 'testuser14', 'b95d03cb8bb4d3a9e478824283694f86', 'asd', 'sad', 'd@yahoo.com', '54654654564', 'sad', 0),
(21, 'testuser15', '9d4527e508abf20216e4e9a0e19c9668', 'asd', 'sd', 'asd@yaho.com', '465456456456', 'asd', 0),
(22, 'testuser16', '5b4845ea74b9a4f238cde56ff2711ec9', 'asd', 'sd', 'a@yahoo.com', '654564564', 'asd', 0),
(23, 'testuser17', '2ddec13b8a3f0032e260dbe7a9573186', 's', 'a', 'a@yahoo.com', '56465456456', 'ad', 0),
(24, 'testuser18', '37e3159c9c7bf469ef832d50c4231ccf', 'ad', 'sad', 'asd@yahoo.com', '564654564654', 'asd', 0),
(25, 'testuser19', 'e44b91bd0b2258036e2c4917880d27a5', 'd', 'sa', 'a@yahoo.com', '465465456456', 'asd', 0),
(26, 'asdasfasf', 'd41d8cd98f00b204e9800998ecf8427e', '', '', '', '', '', 0),
(27, '', 'd41d8cd98f00b204e9800998ecf8427e', '', '', '', '', '', 0),
(28, 'semiadmin', 'e10adc3949ba59abbe56e057f20f883e', 'Semi Admin', 'Semi', 'semiadmin@yahoo.com', '56454654564', '227 Nguyễn Văn Cừ, Q5 - Tp. Hồ Chí Minh', 0),
(29, 'kuzipro', 'e10adc3949ba59abbe56e057f20f883e', 'Hoà', 'Lê', 'lethai_hoa21@yahoo.com', '01885124020', '35/6H ấp Trung Đông xã Thới Tam Thôn huyện Hóc Môn TP.HCM', 1),
(30, 'admin1', 'e00cf25ad42683b3df678c61f42c6bda', 'sd', 'dsad', 'as@yahoo.com', '564456454', 'asd', 0);

--
-- Constraints for dumped tables
--

--
-- Constraints for table `orderdetails`
--
ALTER TABLE `orderdetails`
  ADD CONSTRAINT `fk_orderdetails_orders` FOREIGN KEY (`OrderID`) REFERENCES `orders` (`OrderID`),
  ADD CONSTRAINT `fk_orderdetails_products` FOREIGN KEY (`ProID`) REFERENCES `products` (`ProID`);

--
-- Constraints for table `orders`
--
ALTER TABLE `orders`
  ADD CONSTRAINT `fk_orders_users` FOREIGN KEY (`UserID`) REFERENCES `users` (`ID`);

--
-- Constraints for table `products`
--
ALTER TABLE `products`
  ADD CONSTRAINT `fk_products_category` FOREIGN KEY (`CatID`) REFERENCES `category` (`CatID`),
  ADD CONSTRAINT `fk_products_manufacturer` FOREIGN KEY (`ManufacturerID`) REFERENCES `manufacturer` (`ManufacturerID`),
  ADD CONSTRAINT `fk_products_series` FOREIGN KEY (`SeriesID`) REFERENCES `series` (`SeriesID`);

--
-- Constraints for table `series`
--
ALTER TABLE `series`
  ADD CONSTRAINT `fk_series_manufacturer` FOREIGN KEY (`ManufacturerID`) REFERENCES `manufacturer` (`ManufacturerID`);

/*!40101 SET CHARACTER_SET_CLIENT=@OLD_CHARACTER_SET_CLIENT */;
/*!40101 SET CHARACTER_SET_RESULTS=@OLD_CHARACTER_SET_RESULTS */;
/*!40101 SET COLLATION_CONNECTION=@OLD_COLLATION_CONNECTION */;
